,,,209085,209732,210210,219349,209130,210776,210780,210781,250294
Period,Institution Name ,SNL Institution Key ,Total Reserves ($000),Net Deferred Tax Asset ($000),Disallowed Deferred Taxes ($000),Net Inc: Noncontrolling Interests ($000),GRB: Total Equity Capital ($000),Less:Purchase of Treasury Stck ($000),Dividends on Preferred Stock ($000),Dividends on Common Stock ($000),B3/GRB: Tier 1 Common Capital (CET1) ($000)
2014Q3,1854 Bancorp,4346236,3882,7801,4479,0,91712,0,0,0,89659
2014Q3,1867 Western Financial Corporation,1022397,39499,25118,0,0,341739,0,0,0,238515
2014Q3,1st Constitution Bancorp,4053361,7108,6946,0,0,84476,98,0,0,71200
2014Q3,1st Source Corporation,100444,87400,3595,0,0,603033,545,0,4327,508802
2014Q3,"1st Summit Bancorp of Johnstown, Inc.",1023101,5740,2353,0,0,74487,81,0,538,72155
2014Q3,215 Holding Company,1021899,5675,0,0,0,75757,0,0,1368,71799
2014Q3,473 Broadway Holding Corporation,1016834,9036,0,0,1010,56812,0,0,866,39809
2014Q3,Access National Corporation,4078679,13244,6321,0,0,99740,0,0,1357,99013
2014Q3,ACNB Corporation,100603,15421,798,0,0,111708,0,0,1141,103818
2014Q3,"Adam Bank Group, Inc.",4141816,9995,9359,1050,125,168457,0,0,0,156925
2014Q3,"Adbanc, Inc.",1017120,6808,286,0,1,89790,0,54,0,67385
2014Q3,"Adirondack Bancorp, Inc.",4041567,3026,0,0,227,43814,0,76,0,40187
2014Q3,"AFNB Holdings, Inc.",4149468,12080,0,0,0,140792,0,0,0,139620
2014Q3,Albank Corporation,1021491,3242,2072,0,0,82894,0,0,263,79500
2014Q3,Alerus Financial Corporation,1023992,16892,14163,0,0,167816,0,50,1392,135468
2014Q3,"AliKat Investments, Inc.",1974171,5047,10812,9225,0,38547,0,0,0,29322
2014Q3,"Allegiance Bancshares, Inc.",4222469,7740,3035,0,0,118390,0,0,0,104993
2014Q3,"Alliance Bancshares, Inc.",1024100,5574,0,0,0,46444,0,0,576,45018
2014Q3,"Alliance Financial Services, Inc.",1019515,11120,0,0,0,59287,0,0,0,NA
2014Q3,Ally Financial Inc.,102864,1113000,1788000,1362000,0,15190000,1000,67000,0,12427000
2014Q3,"Alpine Bancorporation, Inc.",1019712,10748,0,0,0,93586,0,0,2678,87832
2014Q3,Alpine Banks of Colorado,1017443,31914,26562,12625,-63,187430,0,0,1853,158468
2014Q3,"Altrust Financial Services, Inc.",1020188,6408,393,0,0,39717,0,0,468,NA
2014Q3,Amalgamated Investments Company,1016569,9717,10010,4156,0,44506,0,0,0,45096
2014Q3,"Amarillo National Bancorp, Inc.",1018855,36492,0,0,0,433831,0,0,18359,435819
2014Q3,"Ambank Company, Inc.",1021049,12646,120,0,0,88003,68,0,2455,87010
2014Q3,Amboy Bancorporation,1974097,60254,0,0,0,146919,0,0,0,204823
2014Q3,Ameriana Bancorp,101668,4014,4280,3906,0,39903,0,0,60,35185
2014Q3,"American Bancor, Ltd.",1019981,7853,314,0,0,98448,45,0,0,88433
2014Q3,"American Bancorp of Oklahoma, Inc.",1020164,10118,0,0,0,52950,0,0,940,52328
2014Q3,"American Bancorporation, Inc.",1016983,5536,0,0,0,93979,67,0,1013,83555
2014Q3,American Bank Holding Corporation,1018984,13260,0,0,0,102958,0,0,3402,97121
2014Q3,American Bank Incorporated,4073262,4915,2975,0,0,43799,50,0,340,41740
2014Q3,"American Central Bancorporation, Inc.",1018358,5302,0,0,0,77589,0,0,1892,76972
2014Q3,"American Chartered Bancorp, Inc.",1022411,27981,16524,0,0,159884,0,1129,0,115422
2014Q3,"American Community Financial, Inc.",4074157,7789,2214,0,0,53739,0,0,0,53824
2014Q3,American Express Company,102700,1589000,2127000,NA,-2000,20216000,0,0,270000,17553000
2014Q3,"American International Group, Inc.",103330,NA,NA,NA,NA,NA,NA,NA,NA,NA
2014Q3,American National Bankshares Inc.,100626,12620,5296,0,0,173165,0,0,1805,127131
2014Q3,American National Corporation,1017338,21276,148,0,0,264472,0,0,8000,246723
2014Q3,American River Bankshares,1024658,5460,2552,0,0,88179,0,0,0,68712
2014Q3,"American State Bancshares, Inc.",1017711,3760,28,0,0,68689,393,110,0,49524
2014Q3,"American State Bank Holding Company, Inc.",1974076,4269,0,0,0,48397,0,0,1163,45074
2014Q3,"Americo Bancshares, Inc.",1018854,6321,3017,0,0,60885,346,0,260,58999
2014Q3,Ameri-National Corporation,4049022,4624,0,0,0,76253,0,0,400,74408
2014Q3,Ameris Bancorp,100594,22212,27453,0,0,353830,0,0,1340,281135
2014Q3,"AmeriServ Financial, Inc.",100467,9582,8799,823,0,116146,0,53,187,87024
2014Q3,Ames National Corporation,1021094,8530,1603,0,0,153970,0,0,1676,140164
2014Q3,ANB Corporation,1024726,25230,11178,0,0,215711,0,92,1186,146814
2014Q3,Anchor Bancorp,4220185,3994,555,0,0,53656,0,0,0,54578
2014Q3,Anchor BanCorp Wisconsin Inc.,102183,47037,0,NA,0,214709,0,0,0,NA
2014Q3,"Anchor Bancorp, Inc.",1019471,13782,4501,0,0,136524,0,274,1010,118518
2014Q3,"Androscoggin Bancorp, MHC",4048912,7538,3917,0,0,91863,0,0,0,85041
2014Q3,"Apple Financial Holdings, Inc.",4161755,21141,25904,0,0,974264,0,1864,0,553767
2014Q3,"Arbor Bancorp, Inc.",1027773,12419,8427,0,0,72215,0,0,0,70930
2014Q3,Armed Forces Benefit Association,4049173,1105,0,0,0,201302,0,0,0,190253
2014Q3,Arrow Financial Corporation,100134,15293,0,0,0,200089,667,0,3087,186191
2014Q3,Arthur Financial Corporation,4091013,6351,17,0,0,19519,0,0,0,20202
2014Q3,"Arvest Bank Group, Inc.",1018366,150795,1429,0,0,1305959,0,0,0,1021749
2014Q3,"ASB Bancorp, Inc.",4289733,5852,5053,0,0,94285,0,0,0,99097
2014Q3,Assabet Valley Bancorp,1974137,7626,2911,0,0,104191,0,0,0,89264
2014Q3,Associated Banc-Corp,100135,266262,35811,0,0,2869578,90096,1255,14124,1872899
2014Q3,"Associated Community Bancorp, Inc.",4056116,4868,0,0,0,41610,0,0,0,31979
2014Q3,Astoria Financial Corporation,102333,113600,81051,NA,0,1594006,0,2194,3982,NA
2014Q3,ATBancorp,1020050,19451,8340,0,47,95635,0,0,212,90602
2014Q3,"Atlantic Capital Bancshares, Inc.",4155740,11301,8048,0,0,137797,91,0,0,137908
2014Q3,Atlantic Coast Financial Corporation,4086903,7247,0,NA,0,70485,0,0,0,NA
2014Q3,"Auburn National Bancorporation, Inc.",100877,4754,2178,0,0,73193,0,0,784,72243
2014Q3,"Austin BanCorp, Inc.",1018913,12418,8022,0,0,180970,0,0,0,169508
2014Q3,"Avenue Financial Holdings, Inc.",4161758,8407,8062,2947,0,89615,0,47,0,67850
2014Q3,"Axiom Bancshares, Inc.",4088283,12058,4079,NA,0,90658,0,0,0,NA
2014Q3,B.P.C. Corporation,1018058,2725,210,210,0,46887,0,0,585,45992
2014Q3,Backlund Investment Co.,1018352,2526,0,0,NA,41057,NA,NA,NA,38011
2014Q3,Baker Boyer Bancorp,1020594,6241,293,0,0,47674,0,0,950,47187
2014Q3,Banc Ed Corp.,1023989,16220,5982,0,0,163466,0,0,691,163609
2014Q3,"Banc of California, Inc.",4074352,25283,8663,0,0,446881,146,910,4127,323510
2014Q3,BancFirst Corporation,100534,39467,8771,0,16,596183,0,0,5252,536025
2014Q3,BancIndependent Incorporated,1018084,9576,4224,0,0,115667,0,75,810,70680
2014Q3,"Bancorp of New Jersey, Inc.",4154916,6647,3572,360,0,59353,0,0,322,59962
2014Q3,"Bancorp, Inc.",4054569,4390,41601,5280,0,356387,0,0,0,333166
2014Q3,"BancorpSouth, Inc.",100163,143950,0,0,0,1610543,0,0,7195,1303563
2014Q3,BancPlus Corporation,1018456,20225,1587,0,0,256467,0,405,1848,172374
2014Q3,"Bancshares of Jackson Hole, Incorporated",1023455,7417,3700,0,83,63447,0,0,0,62364
2014Q3,BancTenn Corp.,1020071,7463,875,0,0,80402,0,0,1241,79671
2014Q3,BancWest Corporation,100259,750887,542218,0,932,12390060,0,0,0,7289496
2014Q3,"Bangor Bancorp, MHC",4151113,29363,4075,0,0,330415,0,0,0,304811
2014Q3,Bank First National Corporation,1021435,9132,0,0,0,107361,1249,0,757,97709
2014Q3,Bank Iowa Corporation,1021121,12264,350,0,0,87644,0,0,353,81886
2014Q3,Bank Leumi Le-Israel Corporation,1021770,53193,65196,57513,-4,703651,0,0,0,662327
2014Q3,Bank Mutual Corporation,4056082,22540,20525,NA,-2,287468,0,0,1862,NA
2014Q3,Bank of America Corporation,100369,15106000,29676000,NA,-2000,238681000,0,238000,527000,152444000
2014Q3,Bank of Commerce Holdings,1016745,10400,10314,0,0,101960,0,50,398,82804
2014Q3,Bank of Hawaii Corporation,100161,110362,0,0,0,1057413,19923,0,19903,1032041
2014Q3,Bank of Highland Park Financial Corporation,1021280,9328,0,0,0,98397,0,0,1558,97367
2014Q3,Bank of Kentucky Financial Corporation,1024571,15941,5462,2533,0,195598,0,0,1384,168923
2014Q3,Bank of Marin Bancorp,4164467,15049,13060,0,0,195674,0,0,1185,184748
2014Q3,Bank of New York Mellon Corporation,100144,191000,26000,NA,23000,38451000,431000,12000,196000,19400000
2014Q3,Bank of South Carolina Corporation,100149,3386,427,0,0,35933,0,0,1026,34886
2014Q3,Bank of Southside Virginia Corporation,1017950,5966,0,0,0,127794,0,0,0,123208
2014Q3,Bank of the Carolinas Corporation,4142877,5183,0,0,0,46191,0,0,0,46491
2014Q3,"Bank of the Ozarks, Inc.",1018441,49606,50411,0,-14,875578,0,0,9560,757746
2014Q3,BankFinancial Corporation,4044758,13051,0,NA,0,181276,0,0,844,NA
2014Q3,BankFirst Capital Corporation,1021889,8270,3263,0,0,53010,0,88,0,52465
2014Q3,"BankFive, MHC",4099030,5807,4092,0,0,77467,0,0,0,74531
2014Q3,BankGuam Holding Company,4288850,11636,5478,1981,0,98453,0,0,881,99224
2014Q3,Bankmanagers Corp.,1021040,12860,0,0,0,87700,0,0,740,89595
2014Q3,"BankUnited, Inc.",4235397,78868,98113,0,0,2040169,0,0,21967,1907840
2014Q3,"Bankwell Financial Group, Inc.",4143686,9552,5320,0,0,118497,0,0,0,106515
2014Q3,Banner Corporation,1024098,74331,21830,16723,0,574058,0,0,3522,555280
2014Q3,Banorte USA Corporation,4157242,15831,12759,0,0,429739,0,0,0,205799
2014Q3,Banterra Corp.,4092229,10685,51,0,0,109410,0,0,2470,103925
2014Q3,Bar Harbor Bankshares,100824,8635,2443,0,0,141354,0,0,1365,132006
2014Q3,"Baraboo Bancorporation, Inc.",1021513,8960,0,0,0,51356,0,0,0,29566
2014Q3,Barclays Delaware Holdings LLC,4055854,568921,208369,82061,0,2903771,0,0,0,2040187
2014Q3,Baylake Corp.,100909,7058,5151,2168,0,101913,372,0,689,90273
2014Q3,BB&T Corporation,100438,1503995,0,0,3716,24236984,0,36931,172835,14799526
2014Q3,"BBCN Bancorp, Inc.",4055174,68232,67711,0,0,864648,0,0,7952,756421
2014Q3,"BBVA Compass Bancshares, Inc.",100186,695878,168677,0,815,11897311,0,0,51000,6840100
2014Q3,"BCB Bancorp, Inc.",4087496,15393,7789,129,0,102714,0,201,1173,89776
2014Q3,"Beach Community Bancshares, Inc.",4096800,8824,0,0,0,10256,0,0,0,5477
2014Q3,Beacon Bancorp,1025085,11567,0,0,159,230785,0,0,71,200908
2014Q3,Beal Financial Corporation,1032758,123547,0,NA,0,2821313,0,0,53000,NA
2014Q3,"Bear State Financial Holdings, LLC",4279418,12964,20426,17325,8431,103904,0,0,0,55852
2014Q3,"Belle Fourche Bancshares, Inc.",1020715,2568,161,0,0,55976,0,0,1312,56177
2014Q3,"Beresford Bancorporation, Inc.",1031142,24509,7086,NA,0,109261,0,0,0,NA
2014Q3,Berkshire Bancorp Inc.,4040676,7158,16553,8207,0,133892,0,0,0,128492
2014Q3,"Berkshire Hills Bancorp, Inc.",4054645,34966,38503,5596,0,696937,1,0,4572,411838
2014Q3,"Bessemer Group, Incorporated",1021783,0,7991,511,0,307761,789,0,14398,251160
2014Q3,"Blackhawk Bancorp, Inc.",100811,4387,0,0,0,41005,9,0,45,34117
2014Q3,"Blackhawk Bancorporation, Inc.",1023059,5710,2937,0,0,129875,194,0,0,125926
2014Q3,"Blue Hills Bancorp, Inc.",4436012,12722,4456,0,0,410065,0,22,0,391919
2014Q3,"Blue Ridge Bancshares, Inc.",1023441,6041,3334,2093,0,40452,0,216,43,29909
2014Q3,Blue Valley Ban Corp.,1022830,6332,14174,11793,0,57519,0,490,0,25371
2014Q3,BMO Financial Corp.,1021754,923989,2108047,2122385,-56,14317868,0,0,0,9019734
2014Q3,BNC Bancorp,4086131,30722,34181,12343,0,330647,0,0,1472,246289
2014Q3,"BNCCORP, Inc.",100873,8675,2534,0,0,79756,0,442,0,55033
2014Q3,BNH Financial,4045518,8740,0,0,0,136507,0,0,0,115738
2014Q3,"BofI Holding, Inc.",4055785,20495,24240,NA,0,412101,0,77,0,NA
2014Q3,"Boiling Springs, MHC",4050550,15125,7313,0,0,208062,0,0,0,189900
2014Q3,BOK Financial Corporation,100003,191244,14438,0,494,3243093,1163,0,27412,2777436
2014Q3,"Boston Private Financial Holdings, Inc.",100758,75283,48443,0,1167,675368,0,868,6430,505474
2014Q3,"BOU Bancorp, Inc.",4064991,7872,3203,0,0,119599,0,0,673,113785
2014Q3,"Brand Group Holdings, Inc.",4094975,21997,44726,38052,0,166087,0,0,0,126272
2014Q3,Bremer Financial Corporation,1016544,94553,13649,0,0,932181,0,0,11400,865863
2014Q3,"Bridge Bancorp, Inc.",100670,17017,16568,0,0,174975,0,0,2684,170344
2014Q3,Bridge Capital Holdings,4095493,21057,22957,3320,0,181505,0,0,0,178402
2014Q3,"Bridgeview Bancorp, Inc.",1021507,11726,36089,33327,0,66403,0,0,0,-3837
2014Q3,"Briscoe Ranch, Inc.",1018668,2753,0,0,1224,333366,0,0,0,313090
2014Q3,"Broadway Bancshares, Inc.",1018838,16599,0,0,0,354755,0,0,2847,314886
2014Q3,"Brookline Bancorp, Inc.",4001623,52822,29168,0,662,632400,0,0,5974,484820
2014Q3,"Brotherhood Bancshares, Inc.",1022836,4703,2719,1123,0,53331,0,140,0,43084
2014Q3,Bryn Mawr Bank Corporation,100154,15599,5786,0,0,247609,598,0,2618,202834
2014Q3,"BSB Bancorp, Inc.",4252679,8319,5465,0,0,135131,0,0,0,134763
2014Q3,BTC Financial Corporation,1021062,44714,16645,0,0,233794,0,0,500,231298
2014Q3,Builders Financial Corporation,1981048,2034,169,0,0,16764,0,0,0,17029
2014Q3,"Business Bancshares, Inc.",4090783,9379,3965,0,0,55677,0,0,0,56060
2014Q3,"Business First Bancshares, Inc.",4149828,6655,3832,0,0,77514,0,0,0,78546
2014Q3,C&F Financial Corporation,100776,35573,23144,6662,0,122031,0,0,1020,98869
2014Q3,"C1 Financial, Inc.",4414591,5441,0,0,0,185296,0,0,0,183961
2014Q3,Cache Valley Banking Company,1024719,10847,1812,0,0,79477,0,31,0,65057
2014Q3,"Cadence Bancorp, LLC",4250023,49427,63306,23395,1942,1003259,0,0,0,622493
2014Q3,California First National Bancorp,105366,5574,0,0,0,186061,0,0,0,185781
2014Q3,California Republic Bancorp,4307027,5057,2974,0,0,71811,0,0,0,71831
2014Q3,Cambridge Bancorp,1019036,13700,6025,0,0,118449,0,0,1654,120553
2014Q3,"Cambridge Financial Group, Inc.",4045521,19039,16294,2489,0,278265,0,0,0,273726
2014Q3,Camden National Corporation,101149,21585,14987,0,0,239912,0,0,2009,200905
2014Q3,Canandaigua National Corporation,1019956,19037,10908,0,-18,164260,476,0,3440,145821
2014Q3,"Cape Bancorp, Inc.",4171846,9799,14957,NA,0,139864,1751,0,694,NA
2014Q3,Cape Cod Five Mutual Company,4311119,17889,7578,0,0,242505,0,0,0,242385
2014Q3,Capital Bank Financial Corp.,4255728,52334,139388,76568,0,1064939,19498,0,0,840135
2014Q3,"Capital City Bank Group, Inc.",100774,19093,18834,4605,0,283253,0,0,349,205947
2014Q3,Capital One Financial Corporation,103239,4212123,3609621,NA,121,44018406,563121,19984,168757,29115639
2014Q3,Capitol Bancorp Ltd.,100176,0,0,0,-2,441,0,0,0,NA
2014Q3,"Capitol Bancorporation, Inc.",1019526,37690,11822,0,144,179627,0,0,0,174737
2014Q3,"Capitol City Bancshares, Inc.",4041247,3756,0,0,0,738,0,12,0,-723
2014Q3,"Capitol Federal Financial, Inc.",4044379,9227,0,NA,0,1492882,0,0,10318,NA
2014Q3,Carbon County Holding Company,1023935,1180,0,0,0,27665,0,0,950,25213
2014Q3,Cardinal Financial Corporation,4019138,29537,3183,0,0,368067,0,0,2558,321897
2014Q3,"Carlile Bancshares, Inc.",4226915,13721,29806,14728,224,367528,0,0,0,225001
2014Q3,"Carolina Bank Holdings, Inc.",4057409,6546,4083,0,0,51352,0,247,0,39406
2014Q3,Carolina Financial Corporation,1032808,8905,5743,0,0,91805,0,0,203,91153
2014Q3,"Carroll County Bancshares, Inc.",1021162,7526,2293,0,118,67606,5,0,0,66345
2014Q3,"Carver Bancorp, Inc.",112079,6597,0,NA,0,53630,0,0,0,NA
2014Q3,Cascade Bancorp,100589,21351,69266,55046,0,308386,0,0,0,163920
2014Q3,"Cass Information Systems, Inc.",100886,11859,2655,0,0,206809,911,0,2305,192977
2014Q3,Cathay General Bancorp,100173,169198,116504,0,0,1570384,0,0,5577,1261654
2014Q3,"CB Financial Services, Inc.",4106596,5337,552,0,0,44650,0,0,493,41951
2014Q3,CB&T Holding Corporation,1024421,27482,0,0,0,73579,0,0,3750,73546
2014Q3,"CBFH, Inc.",4167676,25209,9445,0,0,327829,396,0,1126,260289
2014Q3,CBS Banc-Corp.,1022977,5774,16461,2961,0,121015,0,0,0,112944
2014Q3,CBX Corporation,1023303,13545,0,0,0,79926,162,0,1936,80504
2014Q3,CCB Financial Corporation,1017034,11449,141,0,0,98163,50,0,1037,86374
2014Q3,"CCFNB Bancorp, Inc.",100683,6161,1455,0,0,78809,110,0,748,70090
2014Q3,Cenlar Capital Corporation,1031050,696,0,NA,0,61835,0,0,3552,NA
2014Q3,"CenterState Banks, Inc.",4053925,19842,56640,29531,0,442362,0,0,451,318828
2014Q3,Centrabanc Corporation,1018802,6582,0,0,0,54068,0,0,1939,55138
2014Q3,"Central Bancompany, Inc.",1018337,132198,22414,0,0,1499714,0,0,2834,1257137
2014Q3,"Central Bancorp, Inc.",4160611,1410,0,0,0,29944,0,0,419,14837
2014Q3,Central Bancorporation,1016681,11858,4858,0,0,126187,290,0,0,123325
2014Q3,"Central Bancshares, Inc.",1021188,5964,1436,0,0,85955,0,0,209,74100
2014Q3,"Central Bancshares, Inc.",1022106,15137,0,0,0,78634,0,0,2300,79620
2014Q3,"Central Bancshares, Inc.",1024184,24030,15582,9346,0,204651,0,0,0,183397
2014Q3,Central Community Corporation,1023118,14828,3622,0,0,149124,1147,0,0,139207
2014Q3,"Central of Kansas, Inc.",1017598,10481,433,0,0,106995,8975,0,509,102470
2014Q3,Central Pacific Financial Corp.,100213,82838,110145,98129,0,569042,0,0,3590,460130
2014Q3,Central Service Corporation,1016961,4267,0,0,-1,39067,0,0,1257,38107
2014Q3,Central Valley Community Bancorp,4057567,7489,7536,0,0,133013,0,0,549,97290
2014Q3,"Centre 1 Bancorp, Inc.",1021501,9086,2011,0,0,87801,1540,0,459,76469
2014Q3,Centrue Financial Corporation,1021347,12863,0,0,0,36565,1254,881,0,219
2014Q3,"Century Bancorp, Inc.",100209,22469,31024,0,0,195594,0,0,550,206924
2014Q3,Century Financial Services Corporation,1031007,5600,0,0,0,46408,0,0,359,43605
2014Q3,"CertusHoldings, Inc.",4254286,28011,0,0,0,106104,0,0,0,98369
2014Q3,"Chambers Bancshares, Inc.",1020564,16845,30,0,0,49777,0,0,0,NA
2014Q3,Charleroi Financial MHC,4085977,1148,3130,NA,0,68936,0,0,0,NA
2014Q3,Charles Schwab Corporation,102775,41000,0,NA,0,11473000,0,8000,79000,NA
2014Q3,"Charter Bankshares, Inc.",4149138,11793,0,0,0,96221,0,0,1810,88519
2014Q3,Charter Financial Corporation,4065088,9471,8855,NA,0,224955,18784,0,902,NA
2014Q3,Chemical Financial Corporation,100200,77006,35365,0,0,801606,0,0,7878,696963
2014Q3,Chemung Financial Corporation,100690,13151,713,0,0,139561,0,0,1201,111901
2014Q3,"Chesapeake Financial Shares, Inc.",100828,7747,0,0,0,68912,0,0,448,62888
2014Q3,Cheviot Financial Corp.,4088228,2218,1626,NA,0,94753,0,0,602,NA
2014Q3,"Chicopee Bancorp, Inc.",4120676,4922,3065,0,0,88624,1794,0,352,88585
2014Q3,"Choice Financial Holdings, Inc.",1019364,9558,0,0,0,75471,0,0,0,66428
2014Q3,"CIB Marine Bancshares, Inc.",1020404,8516,0,0,0,66915,0,0,0,16957
2014Q3,CIT Group Inc.,102820,357679,352624,333930,2469,9005231,106102,0,28176,8062935
2014Q3,"Citco Community Bancshares, Inc.",1024367,4638,0,0,0,92301,0,0,0,84103
2014Q3,Citigroup Inc.,4041896,16915000,50277000,NA,59000,212272000,186000,128000,31000,166425000
2014Q3,Citizens & Northern Corporation,100693,7449,2673,0,0,186874,2464,0,3234,170704
2014Q3,Citizens Bancorp,1137102,3674,1188,0,0,64132,0,-2,3,61802
2014Q3,"Citizens Bancorp Investment, Inc.",1020464,6707,514,0,0,73992,0,0,635,66940
2014Q3,Citizens Bancshares Co.,1016926,7695,12208,8940,0,84941,0,0,0,48778
2014Q3,"Citizens Bancshares of Batesville, Inc.",1019781,5683,2112,0,0,52820,0,0,0,52381
2014Q3,"Citizens Bancshares, Inc.",4093226,7102,0,0,0,63152,0,0,1990,60444
2014Q3,"Citizens Bank Holding, Inc.",1021382,12807,5149,0,0,80441,7,0,0,81956
2014Q3,"Citizens Bankshares, Inc.",1016598,3493,0,0,0,66411,1,0,1722,67134
2014Q3,"Citizens Community Bancorp, Inc.",4091023,6506,3634,456,0,57293,0,0,0,57518
2014Q3,"Citizens Financial Group, Inc.",1019881,1201253,0,0,0,19382724,0,0,383000,13329658
2014Q3,"Citizens Financial Services, Inc.",100691,6816,0,0,0,99160,0,0,2860,90007
2014Q3,Citizens Holding Company,1018141,6727,11320,0,0,79594,0,0,1073,87013
2014Q3,Citizens National Banc Corp.,4090761,10687,0,0,0,112407,0,0,1327,115769
2014Q3,"Citizens National Bancorp, Inc.",1022058,7307,429,84,0,58530,0,0,652,58723
2014Q3,"Citizens National Bancshares of Bossier, Inc.",1024832,4881,4034,0,0,87954,0,0,0,81541
2014Q3,Citizens National Corporation,1017880,3637,3240,862,0,56969,294,0,200,39168
2014Q3,"Citizens Union Bancorp of Shelbyville, Inc.",1018472,8134,7051,7051,0,58530,0,0,0,47768
2014Q3,City Holding Company,100199,20487,36653,3131,0,391672,11171,0,6171,317215
2014Q3,City National Corporation,100225,322071,215951,0,847,2899429,0,4093,18336,1992927
2014Q3,"Citywide Banks of Colorado, Inc.",1017090,16427,10283,6099,0,91372,0,0,0,84806
2014Q3,"Clayton Bancorp, Inc",4086221,24471,645,0,0,196065,0,0,0,184787
2014Q3,Clifton Bancorp Inc.,4088092,3250,4235,NA,0,357693,0,0,1518,NA
2014Q3,"Clinton Financial Services, MHC",4092220,3756,2252,878,0,39605,0,0,0,37441
2014Q3,"CM Florida Holdings, Inc.",4222741,47442,169728,144728,5,959982,0,0,0,593245
2014Q3,"CNB Bancshares, Inc.",1018294,9321,1005,0,0,72350,0,0,910,71918
2014Q3,"CNB Bank Shares, Inc.",1021757,5992,951,0,0,65076,201,0,0,58183
2014Q3,CNB Corporation,1020003,9215,4623,0,0,97249,0,0,0,96870
2014Q3,CNB Financial Corporation,100790,17843,7361,0,0,181617,93,0,2371,156344
2014Q3,"CNLBancshares, Inc.",1984124,14283,40056,36675,0,115400,0,0,0,47201
2014Q3,"Coastal Affiliates, MHC",4155244,6619,2025,0,0,73680,0,0,0,72271
2014Q3,CoBiz Financial Inc.,1017371,33682,20664,0,0,302730,0,144,1626,237814
2014Q3,"Coconut Grove Bankshares, Inc.",4055927,7218,3623,0,0,98043,81,0,-860,97420
2014Q3,"Codorus Valley Bancorp, Inc.",100767,10713,5059,0,0,115856,0,30,687,101360
2014Q3,"ColoEast Bankshares, Inc.",1024155,9832,4674,4263,0,71933,0,0,0,45501
2014Q3,"Colonial Financial Services, Inc.",4086904,4417,5135,NA,0,62811,0,0,0,NA
2014Q3,"Colony Bankcorp, Inc.",100882,9788,8860,2293,0,96272,0,697,0,72108
2014Q3,Columbia Bank MHC,1032024,57904,1672,NA,0,406934,0,0,0,NA
2014Q3,"Columbia Banking System, Inc.",100754,67871,41358,0,0,1096211,0,29,14742,729201
2014Q3,Comerica Incorporated,100206,591761,199845,0,0,7433452,58999,0,36153,7104563
2014Q3,Commerce Bancshares Corp.,1025203,9539,5094,0,0,140667,0,0,633,126693
2014Q3,"Commerce Bancshares, Inc.",100184,161532,1665,0,836,2285831,51,1800,20654,1943065
2014Q3,"Commerce Bancshares, Inc.",1018693,5249,0,0,0,59223,158,0,560,57194
2014Q3,Commerce Bank and Trust Holding Company,1017238,11512,1866,1465,0,38434,0,0,0,45669
2014Q3,"Commerce National Financial Services, Inc.",1023163,9051,4452,0,0,73401,0,0,0,69648
2014Q3,Commercial Holding Company,1018588,6808,179,0,0,75946,0,0,1240,70989
2014Q3,"Commonwealth Bancshares, Inc.",1019131,7324,0,0,0,45277,0,0,0,46079
2014Q3,"Commonwealth Holdings, L.L.C.",1024748,5769,1369,0,918,18348,0,0,0,17945
2014Q3,"Community & Southern Holdings, Inc.",4248843,34336,17978,0,0,432384,0,0,0,395540
2014Q3,"Community Bancorp, Inc.",1021883,7809,0,0,0,69693,7,0,0,62968
2014Q3,Community Bancorp.,100696,4886,2000,0,0,48100,0,20,784,33220
2014Q3,"Community Bancshares of Mississippi, Inc.",1018023,20149,13823,0,0,233808,0,346,0,162582
2014Q3,"Community Bancshares, Inc.",1017828,5158,1255,0,0,93330,0,0,490,88365
2014Q3,"Community Bank Holdings of Texas, Inc.",1018720,4207,1740,0,0,60837,14,0,0,50327
2014Q3,"Community Bank of South Florida, Inc.",1018191,5496,7452,6075,0,43552,0,0,0,37231
2014Q3,"Community Bank Shares of Indiana, Inc.",1024899,7784,1544,0,0,96488,0,110,413,66694
2014Q3,"Community Bank System, Inc.",100185,45686,0,0,0,965524,0,0,12191,591749
2014Q3,Community Bankers Trust Corporation,4100717,10248,3788,0,0,104548,0,0,0,99454
2014Q3,Community Financial Corporation,1032013,8273,6625,0,0,114764,0,50,460,95507
2014Q3,"Community Financial Services, Inc.",1018498,6820,0,0,0,61824,532,0,61,61435
2014Q3,"Community First Bancshares, Inc.",1020498,15533,7703,0,0,185909,0,77,0,153578
2014Q3,"Community First Bancshares, Inc.",4048947,6520,3042,0,0,63238,0,0,0,50326
2014Q3,"Community Trust Bancorp, Inc.",100405,34090,0,0,0,438238,0,0,5199,372715
2014Q3,Community Trust Financial Corporation,1023406,34487,11723,0,0,374424,1499,147,563,280437
2014Q3,Community West Bancshares,1137051,9236,3990,0,0,65754,0,176,164,58004
2014Q3,CommunityOne Bancorp,100805,21525,5564,0,0,94490,0,0,0,95850
2014Q3,Concordia Capital Corporation,1137106,924,0,0,0,60938,0,0,490,58237
2014Q3,"Conestoga Bancorp, Inc.",4143145,5656,8150,0,0,63324,0,0,0,49111
2014Q3,Connecticut Mutual Holding Company,4064629,4147,5283,3930,0,67844,0,0,0,63503
2014Q3,"ConnectOne Bancorp, Inc.",100687,12118,18132,0,0,441628,0,28,2223,278729
2014Q3,"Cornerstone Bancshares, Inc.",1019813,3474,3060,1062,0,40396,0,375,0,24296
2014Q3,Cortland Bancorp,100699,4078,3318,1642,0,55245,0,0,226,53517
2014Q3,"County Bancorp, Inc.",1032854,10374,2235,0,0,92521,686,117,0,69219
2014Q3,Crews Banking Corporation,1018043,21328,0,0,0,143132,0,0,1120,142707
2014Q3,"Croghan Bancshares, Inc.",1017886,4297,0,0,0,92551,0,0,775,61954
2014Q3,"CrossFirst Holdings, LLC",4227418,7779,5842,5191,0,111564,0,0,351,75474
2014Q3,"CSB Bancorp, Inc.",1023643,5188,862,0,0,56270,0,0,520,51416
2014Q3,CTBC Capital Corp.,1022898,29814,103715,101607,0,648883,0,0,0,549193
2014Q3,CU Bancorp,4308300,11348,10369,0,0,148773,0,0,0,133905
2014Q3,"CU Bank Shares, Inc.",1018676,1885,1455,0,0,63661,0,0,0,66485
2014Q3,"Cullen/Frost Bankers, Inc.",100196,98312,0,0,0,2817852,0,2016,32234,1857169
2014Q3,Cummins-American Corp.,1021026,8643,0,0,0,121637,0,0,794,122688
2014Q3,"Customers Bancorp, Inc.",4293992,31083,11228,1892,0,425799,0,0,6,422422
2014Q3,CVB Financial Corp.,100224,59582,35757,34,0,849231,475,0,10581,753295
2014Q3,D.L. Evans Bancorp,1024358,14438,7357,2336,0,87437,0,112,0,67137
2014Q3,"Dacotah Banks, Inc.",1019181,23515,10114,0,0,222604,110,0,2023,214141
2014Q3,"Dairy State Bancorp, Inc.",1019447,6254,0,0,0,49603,1,0,0,46446
2014Q3,"Dakota Community Banshares, Inc.",1024492,6832,0,0,0,52653,0,0,1237,50249
2014Q3,DCB Financial Corp,1032889,4176,0,0,0,46686,0,0,0,46242
2014Q3,Delmar Bancorp,1022077,8264,5360,3386,0,44161,0,0,0,36100
2014Q3,Delta Bancshares Company,1018346,6936,7405,7411,0,59860,0,0,399,52424
2014Q3,Deutsche Bank Trust Corporation,100168,30000,93000,0,0,7113000,0,0,0,7070000
2014Q3,"Diamond Bancorp, Inc.",1024595,15777,0,0,0,51887,0,0,0,NA
2014Q3,"Diboll State Bancshares, Inc.",1018749,7015,830,0,0,88487,0,0,1048,79271
2014Q3,Dickinson Financial Corporation II,1024046,36004,86281,66670,0,556503,0,0,0,327146
2014Q3,"Dime Community Bancshares, Inc.",102643,19098,28769,NA,0,456203,0,0,5032,NA
2014Q3,"Dimeco, Inc.",100888,10038,3664,0,0,65367,0,0,617,64252
2014Q3,"Discount Bancorp, Inc.",4056125,63430,38655,0,0,808402,0,0,0,823944
2014Q3,Discover Financial Services,4096334,1643521,677412,0,0,11301277,622009,9343,111854,10349646
2014Q3,DNB Financial Corporation,100765,4887,3696,0,0,62363,0,33,194,51008
2014Q3,Doral Financial Corporation,102801,118592,13443,11135,0,365920,0,2415,0,-10442
2014Q3,"Duke Financial Group, Inc.",1019567,4428,0,0,0,50850,0,0,0,45530
2014Q3,"Durant Bancorp, Inc.",1017277,19896,0,0,0,235507,0,0,2225,209859
2014Q3,E*TRADE Financial Corporation,105402,401113,1017797,NA,0,5273544,0,0,0,NA
2014Q3,"Eagle Bancorp Montana, Inc.",4053493,2300,556,NA,0,52645,533,0,290,NA
2014Q3,"Eagle Bancorp, Inc.",4002078,44955,25803,3198,0,442656,0,151,0,378276
2014Q3,"Eagle Financial Services, Inc.",1023603,5587,1313,0,0,71261,0,0,656,69734
2014Q3,"East Texas Bancshares, Inc.",1020137,2192,0,0,0,78927,0,0,579,71683
2014Q3,"East West Bancorp, Inc.",4040606,253178,257306,0,0,2768093,224,0,26008,2264244
2014Q3,Eastern Bank Corporation,1022658,61148,26761,0,0,1169851,0,0,0,892345
2014Q3,"Eastern Virginia Bankshares, Inc.",1974273,14141,14265,9877,0,137787,0,5490,0,69949
2014Q3,"Educational Services of America, Inc.",4214720,4585,1100,0,0,305241,0,0,0,301699
2014Q3,"Embassy Bancorp, Inc.",4214573,5614,1588,0,0,59478,0,0,0,58084
2014Q3,Emclaire Financial Corp.,1022882,5130,1640,0,0,47941,0,25,389,40563
2014Q3,Emprise Financial Corporation,1020130,13145,83,0,0,158086,0,0,2427,125436
2014Q3,ENB Financial Corp,4206062,6968,2062,0,0,91422,123,0,772,90740
2014Q3,Entegra Financial Corp.,4290505,11772,2434,0,0,104329,0,0,0,108159
2014Q3,"Enterprise Bancorp, Inc.",1025202,27029,12645,0,0,162502,0,0,900,152688
2014Q3,Enterprise Financial Services Corp,1024631,44344,32950,0,0,308752,0,0,1044,274198
2014Q3,"Equity Bancshares, Inc.",4086910,6107,1889,0,0,114630,0,99,0,82577
2014Q3,ESB Bancorp MHC,4228496,5980,2825,0,0,133955,0,0,0,133692
2014Q3,ESB Financial Corporation,101556,6751,3474,NA,-43,206399,3,0,1761,NA
2014Q3,"ESSA Bancorp, Inc.",4149188,8634,12027,NA,0,167309,2668,0,740,NA
2014Q3,"Evangeline Bancshares, Inc.",1019928,4015,1404,0,0,100218,0,0,0,100407
2014Q3,"Evans Bancorp, Inc.",100885,11955,5617,0,0,95304,1436,0,1425,87738
2014Q3,EverBank Financial Corp,4047200,57245,3162,NA,0,1721024,0,2531,4918,NA
2014Q3,Extraco Corporation,1018756,20831,0,0,0,134039,0,0,698,131979
2014Q3,F & M Bank Corp.,1017974,8601,768,0,-8,68507,0,0,559,66749
2014Q3,F & M Financial Corporation,1017982,9295,3343,431,0,59273,0,0,230,58392
2014Q3,F&M Financial Corporation,1020323,5392,4553,0,140,59487,0,408,368,41258
2014Q3,F.N.B. Corporation,100237,120601,100245,0,0,2005133,0,2010,20111,1083976
2014Q3,"F.N.B.C. of La Grange, Inc.",1021053,4120,21,0,0,38668,0,0,326,35675
2014Q3,F.S. Bancorp,1021758,5389,1692,0,0,53831,0,0,559,50598
2014Q3,"Fairfield County Bank, MHC",4254681,16080,17059,NA,0,167759,0,0,0,NA
2014Q3,Falcon Bancshares Incorporated,1024520,10613,2654,0,0,83287,118,0,0,83176
2014Q3,Farmers & Merchants Bancorp,4048393,34267,31181,0,0,227236,0,0,0,226289
2014Q3,"Farmers & Merchants Bancorp, Inc.",100964,5916,0,0,0,112022,0,0,963,106468
2014Q3,"Farmers & Merchants Investment, Inc.",1017038,36430,4665,0,1692,267047,0,0,1400,251619
2014Q3,"Farmers and Merchants Bankshares, Inc.",1018608,4176,2720,0,0,96893,0,0,0,82582
2014Q3,Farmers Bancorp Inc.,1021903,5290,118,0,0,35624,0,0,1500,34898
2014Q3,Farmers Capital Bank Corporation,100257,15692,16496,371,0,178187,0,450,0,153295
2014Q3,"Farmers Enterprises, Inc.",1017097,4279,0,0,9,108783,0,0,0,100965
2014Q3,Farmers National Banc Corp.,100716,7333,2349,0,0,121401,1710,0,557,112248
2014Q3,Farmers State Corporation,1019293,4581,0,0,0,50383,0,0,0,40532
2014Q3,"Fauquier Bankshares, Inc.",1017981,6595,4581,0,0,54560,0,0,448,54696
2014Q3,FB BanCorp,4051011,6773,4601,NA,0,70025,0,33,0,NA
2014Q3,"FCB Financial Holdings, Inc.",4237263,20440,35235,11423,0,835727,0,0,0,734037
2014Q3,"FCT Bancshares, Inc.",1024847,6800,0,0,0,47431,0,0,1754,47572
2014Q3,"Federal One Holdings, LLC",4247165,2502,0,NA,0,49636,0,0,0,NA
2014Q3,"FEO Investments, Inc.",1023444,3770,46,0,0,65805,0,0,0,65542
2014Q3,"Fidelity BancShares (N.C.), Inc.",1022012,14467,0,0,0,179307,0,0,329,149683
2014Q3,Fidelity Company,1021180,8745,2297,0,0,67199,0,0,0,55350
2014Q3,"Fidelity D & D Bancorp, Inc.",4051478,9277,125,0,0,71058,0,0,608,68308
2014Q3,Fidelity Financial Corporation,1031047,17198,8877,NA,17,181097,0,316,156,NA
2014Q3,Fidelity Holding Company,4108391,3252,0,0,0,64734,0,0,0,37494
2014Q3,Fidelity Mutual Holding Company,4155249,4081,136,0,0,45069,0,0,0,43591
2014Q3,Fidelity Southern Corporation,100845,28297,10142,0,0,258163,0,0,1918,251790
2014Q3,Fifth Third Bancorp,100260,1414001,2259,0,326,15403946,225000,12149,108499,11270275
2014Q3,Financial Corporation of Louisiana,1024311,5366,0,0,0,65437,0,0,1029,63899
2014Q3,"Financial Holdings, Inc.",4142235,2513,0,0,0,-27487,0,0,0,-26769
2014Q3,"Financial Institutions, Inc.",1016825,27244,5690,0,0,277758,0,366,2667,196977
2014Q3,"FineMark Holdings, Inc.",4151811,6827,1995,0,0,74418,0,28,0,69086
2014Q3,"Finlayson Bancshares, Inc.",1019439,4843,960,0,17,44068,0,0,0,39944
2014Q3,First American Bancorp,1020302,3923,923,0,0,44536,0,0,0,45346
2014Q3,First American Bank Corporation,1020964,37590,0,0,0,239252,896,0,3429,197299
2014Q3,First American Financial Corporation,103412,3629,27478,NA,232,2578085,0,0,25718,NA
2014Q3,First American International Corp.,4096796,7880,4241,172,0,67294,0,0,80,49165
2014Q3,"First Arkansas BancShares, Inc.",1018416,12803,0,0,0,99565,0,0,1100,67331
2014Q3,"First Artesia Bancshares, Inc.",1018933,10403,0,0,0,84234,303,0,1616,77094
2014Q3,"First Baird Bancshares, Inc.",1018790,4851,995,0,-162,42747,0,0,0,44544
2014Q3,First Bancorp,100240,44131,1330,0,0,384815,0,217,1577,244009
2014Q3,"First Bancorp of Durango, Inc.",1023160,4591,0,0,0,61571,0,0,297,52909
2014Q3,"First Bancorp, Inc.",1019988,11641,1250,0,0,159190,0,0,2250,127573
2014Q3,"First Bancorp, Inc.",1023722,15351,5376,0,0,144782,0,0,1486,143725
2014Q3,First BanCorp.,4041406,212818,9853,0,0,1324157,3,0,0,1288424
2014Q3,"First Bancshares of Texas, Inc.",4086037,7014,2592,0,0,82681,0,141,0,73074
2014Q3,"First Bancshares, Inc.",1021225,26384,25469,0,0,244814,0,0,2482,244120
2014Q3,"First Bancshares, Inc.",1027726,6084,4358,0,0,93592,0,55,213,60423
2014Q3,First Bank Corp,1022912,16192,10896,1514,2,241655,0,0,0,213153
2014Q3,"First Bank Lubbock Bancshares, Inc.",1027741,6825,0,0,0,47563,0,0,0,NA
2014Q3,"First Bankers Trustshares, Inc.",101284,8002,0,0,0,76725,0,25,339,59648
2014Q3,"First Banks, Inc.",1019122,74694,274832,263333,-32,414945,0,0,0,-185564
2014Q3,First Bemidji Holding Company,1019292,2022,0,0,0,89390,0,0,511,82553
2014Q3,First Berne Financial Corporation,1019917,5566,149,0,0,56986,235,0,2267,56031
2014Q3,"First Breckinridge Bancshares, Inc.",1019156,3665,679,0,0,113341,0,0,233,114601
2014Q3,First Busey Corporation,100703,47014,22799,3377,0,430028,0,182,4487,322787
2014Q3,"First Business Financial Services, Inc.",1021886,13930,3077,0,0,118192,379,0,828,117485
2014Q3,"First Capital Bancorp, Inc.",4143683,7903,4846,0,0,48259,0,0,0,48356
2014Q3,"First Cecilian Bancorp, Inc.",1023551,4320,0,0,0,63999,0,0,0,60248
2014Q3,First Citizens Banc Corp,100876,15445,1054,1054,0,115883,0,406,385,66868
2014Q3,"First Citizens BancShares, Inc.",100247,200905,42726,0,0,2166707,0,0,2886,2056209
2014Q3,"First Citizens Bancshares, Inc.",1018553,7550,0,0,31,122539,4,0,901,104422
2014Q3,"First Citizens Bancshares, Inc.",1018782,5074,0,0,0,60178,0,0,821,57839
2014Q3,First Citizens Financial Corp.,1021166,9767,193,0,0,147156,0,0,1000,142330
2014Q3,First Clover Leaf Financial Corp.,4057679,5791,2289,0,0,76192,0,0,420,64652
2014Q3,"First Co Bancorp, Inc.",1022121,11285,2582,0,0,108289,0,0,0,104624
2014Q3,"First Command Financial Services, Inc.",1032573,2542,0,NA,0,68595,0,0,0,NA
2014Q3,First Commonwealth Financial Corporation,100503,50784,51097,27163,0,709484,17521,0,6549,531845
2014Q3,"First Community Bancshares, Inc.",100792,21159,26568,0,0,347235,2,228,2392,230542
2014Q3,"First Community Bancshares, Inc.",1018900,10685,0,0,0,135709,0,0,0,129134
2014Q3,"First Community Bancshares, Inc.",1981083,9777,3345,0,0,82234,32,0,0,81294
2014Q3,First Community Corporation,1024772,4156,4150,681,0,72563,0,0,391,64942
2014Q3,"First Community Financial Partners, Inc.",4142262,13871,15242,15748,0,95981,0,0,0,73206
2014Q3,First Community Holdings,4167012,14685,675,0,0,78591,0,0,0,78414
2014Q3,"First Connecticut Bancorp, Inc.",4113813,18556,14529,0,0,233646,8,0,803,237348
2014Q3,First Dakota Financial Corporation,1022444,10020,1709,0,0,78134,0,0,0,73213
2014Q3,First Defiance Financial Corp.,102284,24567,0,NA,0,278234,4198,0,1415,NA
2014Q3,"First Evanston Bancorp, Inc.",1024786,10595,4081,0,0,72746,10,0,0,73089
2014Q3,First Farmers and Merchants Corporation,1018155,8257,7543,0,0,110509,649,0,0,105520
2014Q3,"First Farmers Bancshares, Inc.",1018283,5727,2027,0,0,59632,0,0,372,56350
2014Q3,First Farmers Financial Corporation,1022015,13334,0,0,0,109002,0,0,964,98275
2014Q3,"First Federal Bancorp, Inc.",4223145,6003,0,NA,0,137300,0,0,0,NA
2014Q3,"First Fidelity Bancorp, Inc.",1017619,11165,0,0,0,113933,0,0,4710,92907
2014Q3,First Financial Banc Corporation,1032575,8508,0,0,0,88294,0,0,3921,84454
2014Q3,First Financial Bancorp.,100255,53989,0,0,0,773912,0,0,9197,662504
2014Q3,"First Financial Bankshares, Inc.",100572,36388,0,0,0,658765,0,0,8969,534518
2014Q3,First Financial Corporation,100502,17507,18139,0,0,403873,12499,0,0,362375
2014Q3,"First Financial Northwest, Inc.",4087275,11660,10060,NA,0,181828,0,0,720,NA
2014Q3,First Foundation Inc.,4161046,10150,10639,2860,0,93860,0,0,0,91035
2014Q3,"First Guaranty Bancshares, Inc.",4150252,8628,2132,0,0,136409,0,99,1007,94519
2014Q3,First Horizon National Corporation,100292,238641,255678,42406,2875,2326510,0,1550,11685,2192707
2014Q3,"First Illinois Bancorp, Inc.",1018380,20325,0,0,0,80754,0,0,1245,65327
2014Q3,First Illinois Corporation,4279299,3284,702,NA,46,47590,0,27,0,NA
2014Q3,First Internet Bancorp,4112285,5464,3105,0,0,94774,0,0,269,90970
2014Q3,"First Interstate BancSystem, Inc.",1019278,74231,1347,0,0,885864,0,0,7262,708464
2014Q3,"First Kansas Bancshares, Inc.",1020391,3979,2657,0,-40,70730,126,0,175,69574
2014Q3,First Keystone Corporation,100724,6490,56,0,0,103974,0,0,1175,81002
2014Q3,First Marblehead Corporation,4094003,819,0,NA,0,134485,511,0,0,NA
2014Q3,First Merchants Corporation,100283,65596,40971,0,0,684553,7,0,2915,479120
2014Q3,First Metro Bancorp,1023697,2757,1701,0,0,56888,0,0,0,59030
2014Q3,"First Miami Bancorp, Inc.",1022112,2707,0,0,0,77323,0,0,0,60323
2014Q3,"First Mid-Illinois Bancshares, Inc.",100764,13705,5098,0,0,161691,748,1105,-1,92973
2014Q3,"First Midwest Bancorp, Inc.",100268,73106,72035,29320,0,1049676,0,0,6027,716544
2014Q3,"First Mutual of Richmond, Inc.",4040621,6546,8075,5558,0,64387,0,0,0,59906
2014Q3,"First National Bancshares, Inc.",1021329,11939,0,0,0,111747,0,0,0,98719
2014Q3,First National Bank of Gillette Holding Company,1017254,2626,0,0,0,61887,0,0,550,60076
2014Q3,"First National Bankers Bankshares, Inc.",1018284,9727,4650,0,0,146375,0,0,1328,117841
2014Q3,"First National Community Bancorp, Inc.",4038801,11898,0,0,0,50321,0,0,0,49809
2014Q3,First National Corporation,105434,9716,4056,727,0,57622,0,328,123,42451
2014Q3,"First National of Nebraska, Inc.",100727,289471,92842,0,8,1750229,58,0,7623,1615892
2014Q3,First NBC Bank Holding Company,4149832,40300,70478,31565,0,423539,0,94,0,359610
2014Q3,"First Nebraska Bancs, Inc.",1016936,5602,0,0,0,54668,0,0,1349,49036
2014Q3,First New Mexico Financial Corporation,1018888,3188,1541,0,0,55331,171,0,0,55331
2014Q3,"First Niagara Financial Group, Inc.",4004398,231353,242464,47902,-7,4089712,0,7547,28293,2264597
2014Q3,First Northern Community Bancorp,4055885,8402,4783,0,0,90266,0,34,0,77255
2014Q3,First of Long Island Corporation,100265,22209,0,0,2,230668,0,0,2583,218198
2014Q3,First Palmetto Financial Corporation,1031009,7476,2667,2667,0,67217,0,0,389,64545
2014Q3,"First Paragould Bankshares, Inc.",1019155,12010,3143,0,0,99778,0,0,111,98552
2014Q3,First Pulaski National Corporation,1018092,5716,5029,0,0,68369,0,0,474,69736
2014Q3,"First Reliance Bancshares, Inc.",4073936,2904,3130,1995,0,36372,0,0,0,18299
2014Q3,"First Savings Financial Group, Inc.",4208938,6250,0,NA,0,87080,412,42,240,NA
2014Q3,First Security Bancorp,1018414,54069,0,0,0,773431,49,0,0,681839
2014Q3,"First Security Bankshares, Inc.",1018255,3975,0,0,0,41695,0,0,191,45657
2014Q3,"First Security Group, Inc.",4050826,8600,0,0,0,87963,0,0,0,95361
2014Q3,"First South Bancorp, Inc.",1019856,32560,2105,0,0,203956,0,0,3850,151897
2014Q3,"First South Bancorp, Inc.",108034,7504,4634,4315,0,80363,0,0,240,68817
2014Q3,"First Southern Bancorp, Inc.",1021930,5942,0,0,9,87411,0,0,0,69914
2014Q3,"First State Bancshares, Inc.",1018624,13881,14819,0,0,167858,334,0,0,131424
2014Q3,First State Bank of the Florida Keys Holding Company,4226869,8132,0,0,0,70387,0,0,1180,68437
2014Q3,First State Corporation,1018146,3122,483,0,0,59665,0,0,432,58582
2014Q3,First State Financial Corporation,1021206,7630,1153,0,0,66584,0,0,761,62928
2014Q3,"First Texas Bancorp, Inc.",1018656,1512,4911,0,0,119803,0,0,651,119761
2014Q3,"First Texas BHC, Inc.",4150597,13214,5007,0,0,163220,0,75,0,97048
2014Q3,First Trust Corporation,1024103,4632,0,0,0,51352,0,0,829,51335
2014Q3,First United Corporation,100525,12068,23250,12869,0,112270,0,675,0,76225
2014Q3,First Volunteer Corporation,1018063,8103,6062,3067,0,84634,0,0,864,77962
2014Q3,"First Waterloo Bancshares, Inc.",1020096,1907,0,0,0,38510,7,0,0,36321
2014Q3,"First Western Financial, Inc.",4087841,4759,0,0,0,70095,193,515,0,15428
2014Q3,First Western Mortgage Corporation,4055933,12448,0,NA,0,228809,0,0,2600,NA
2014Q3,First York Ban Corp.,1016910,10279,0,0,0,110432,14,0,2769,107182
2014Q3,FirstBank Holding Company,1017386,85027,0,0,0,1174365,0,70,19246,1101936
2014Q3,FirstMerit Corporation,100241,140077,293639,105483,0,2820431,69,1469,26347,1847161
2014Q3,"FirstPerryton Bancorp, Inc.",1018926,4508,0,0,44,76337,0,0,1049,75417
2014Q3,"First-West Texas Bancshares, Inc.",1018977,6102,0,0,0,59952,0,0,2502,48657
2014Q3,Fishback Financial Corporation,1019250,18172,1684,0,0,222266,113,0,0,198594
2014Q3,Five Star Bancorp,4089447,5913,83,0,0,51070,0,0,2864,51351
2014Q3,"Flagstar Bancorp, Inc.",109084,301000,449575,NA,0,1351606,0,0,0,NA
2014Q3,"Florence Bancorp, MHC",4104640,5569,7049,0,0,112026,0,0,0,110947
2014Q3,"Florida Bank Group, Inc.",4169961,7230,0,0,0,62020,0,0,0,37464
2014Q3,"Florida Business BancGroup, Inc.",4041440,4355,8162,5711,0,68126,0,38,0,46625
2014Q3,"Florida Capital Group, Inc.",4090140,5307,0,0,0,23088,0,0,0,21786
2014Q3,"Florida Community Bankshares, Inc.",4057733,5742,2149,0,0,46117,0,144,0,46221
2014Q3,Flushing Financial Corporation,102398,28344,10055,0,0,452396,10520,0,4446,441121
2014Q3,"FMB Bancshares, Inc.",1018327,10308,0,0,0,5723,0,0,0,5395
2014Q3,FNB Bancorp,4073192,10774,8648,3272,0,92592,0,0,0,86470
2014Q3,"FNB Bancorp, Inc.",1019089,4680,2246,0,0,80518,662,0,644,83108
2014Q3,"Forcht Bancorp, Inc.",4137159,10011,0,0,0,101951,318,0,0,85002
2014Q3,"Foresight Financial Group, Inc.",1020251,14459,3057,0,0,91631,153,0,182,88706
2014Q3,"Forstrom Bancorporation, Inc.",1019582,4823,0,0,0,41223,0,0,1185,NA
2014Q3,"Four Oaks Fincorp, Inc.",1137105,9347,110,0,0,40072,0,0,0,39315
2014Q3,"Fox Chase Bancorp, Inc.",4135389,11099,4734,0,0,178285,757,0,1382,178738
2014Q3,Frandsen Financial Corporation,1019596,14364,0,0,0,184154,0,0,2460,115733
2014Q3,"Franklin Financial Network, Inc.",4185772,5883,8028,0,0,116454,0,25,0,94445
2014Q3,Franklin Financial Services Corporation,100736,8935,4578,0,0,102087,0,0,713,95869
2014Q3,Fremont Bancorporation,1016686,46157,1598,0,0,211483,0,0,5243,204428
2014Q3,"FSB Mutual Holdings, Inc.",4094971,10404,16158,1709,0,151315,0,0,0,143102
2014Q3,Fulton Financial Corporation,100294,189477,80665,0,0,2078006,45451,0,14805,1569886
2014Q3,"Gateway Financial Holdings of Florida, Inc.",4109182,6305,7121,5482,0,74572,0,51,0,66282
2014Q3,General Electric Capital Corporation,102862,5274842,6197522,NA,56867,86288294,0,0,805000,NA
2014Q3,"Georgia Bancshares, Inc.",4072053,3555,4876,3456,0,6211,0,0,0,786
2014Q3,"Georgia Commerce Bancshares, Inc.",4085132,7195,8312,0,0,101449,0,0,0,93846
2014Q3,"German American Bancorp, Inc.",100551,15592,202,0,0,220265,0,0,2113,197566
2014Q3,"Glacier Bancorp, Inc.",1023792,130632,44452,0,0,1040480,0,0,12781,876482
2014Q3,"GN Bankshares, Inc.",1017629,5664,115,0,0,56151,0,0,0,49092
2014Q3,GNB Bancorporation,1021308,3127,249,0,0,51696,0,0,589,42734
2014Q3,"Goldman Sachs Group, Inc.",4039450,199000,4437000,NA,-3000,82275000,1250000,98000,256000,68941000
2014Q3,Goodenow Bancorporation,1021177,7618,13,0,0,70342,0,0,1319,60304
2014Q3,"Gorham Bancorp, MHC",4137497,6398,2766,0,0,87205,0,0,0,89565
2014Q3,"Grand Bankshares, Inc.",4076657,3640,253,0,0,13933,0,0,0,12821
2014Q3,"Grandpoint Capital, Inc.",4222228,14622,29347,8534,0,320363,0,0,0,248787
2014Q3,"Great Plains Bancshares, Inc.",1017373,6977,0,0,0,47242,0,0,1704,44109
2014Q3,"Great Southern Bancorp, Inc.",101830,38081,0,0,0,409051,972,145,2738,336997
2014Q3,"Green Bancorp, Inc.",4111096,15262,8656,0,0,285964,0,0,0,268430
2014Q3,Green Dot Corporation,4252469,443,3334,1184,0,475272,0,0,0,423346
2014Q3,"Greene County Bancorp, MHC",4073718,7720,0,NA,826,33762,0,0,0,NA
2014Q3,"GSB, MHC",4104888,5952,3214,0,0,76972,0,0,0,74926
2014Q3,Guaranty Bancorp,4093621,22350,11672,0,0,205361,10,0,1048,202641
2014Q3,"Guaranty Bancshares, Inc.",1023307,7720,2994,0,0,120651,487,0,0,115013
2014Q3,Guaranty Capital Corporation,1018434,7236,0,0,0,47170,0,0,1085,NA
2014Q3,"Guaranty Federal Bancshares, Inc.",1032022,6537,3587,0,0,59346,0,0,217,60329
2014Q3,"Guaranty Financial, M.H.C.",4081849,23082,0,NA,-151,-42960,0,0,0,NA
2014Q3,"Guardian Bancorp, Inc.",1031003,8613,0,NA,0,88116,0,0,1380,NA
2014Q3,H Bancorp LLC,1027768,16226,6861,0,557,82818,0,0,0,80823
2014Q3,"H&R Block, Inc.",4001615,16032,180463,NA,0,1256391,0,0,54858,NA
2014Q3,"Hamilton State Bancshares, Inc.",4143160,7898,5453,0,0,280286,74,0,0,271080
2014Q3,"Hampden Bancorp, Inc.",4144009,5769,3762,0,0,85657,2181,0,425,85671
2014Q3,"Hampton Roads Bankshares, Inc.",4066242,28718,0,0,190,194810,0,0,0,192420
2014Q3,Hancock Holding Company,100308,125572,60323,0,0,2509342,9967,0,19989,1784588
2014Q3,Hanmi Financial Corporation,4054775,51179,57613,15694,0,435157,0,0,2231,424396
2014Q3,"Happy Bancshares, Inc.",1023235,26208,2341,0,117,256624,0,80,0,180956
2014Q3,Harleysville Savings Financial Corporation,4054463,3336,970,0,0,63162,529,0,794,63145
2014Q3,"Haven Bancorp, MHC",4237192,3419,2501,0,0,94254,0,0,0,87434
2014Q3,"Hawaii National Bancshares, Inc.",101062,4796,4669,3329,0,50238,0,0,0,48702
2014Q3,"Hawaiian Electric Industries, Inc.",1031123,43461,0,NA,0,1801408,0,0,31795,NA
2014Q3,"Hawthorn Bancshares, Inc.",1023919,12033,9819,0,0,80521,0,0,261,79765
2014Q3,"HCBF Holding Company, Inc.",4260204,3490,3353,1097,0,122273,0,0,0,114264
2014Q3,HCSB Financial Corporation,4050095,6214,0,0,0,-12459,0,0,0,-24529
2014Q3,Heartland BancCorp,1022368,5363,1785,0,0,59051,0,0,550,58080
2014Q3,"Heartland Bancorp, Inc.",1021441,16131,0,0,0,254694,0,0,6126,224492
2014Q3,"Heartland Financial USA, Inc.",1021344,41698,6022,0,0,483399,17,205,1845,359669
2014Q3,"Henderson Citizens Bancshares, Inc.",1023509,7620,2108,0,0,127097,700,0,548,102355
2014Q3,Heritage Bancorp,4087998,9182,3629,0,0,56638,43,0,0,56229
2014Q3,Heritage Commerce Corp,4019167,18541,19687,2982,0,182916,0,0,1598,160045
2014Q3,Heritage Financial Corporation,1024198,28342,20739,0,0,451650,0,0,2731,321232
2014Q3,"Heritage Financial Group, Inc.",4076467,9916,15629,NA,0,159948,0,0,466,NA
2014Q3,"Heritage Group, Inc.",1017093,4082,0,0,0,88021,0,0,1298,79191
2014Q3,Heritage Oaks Bancorp,100842,16787,27914,11901,0,194119,0,0,1027,148519
2014Q3,"Herring Bancorp, Inc.",1018955,3205,0,0,0,46409,0,0,380,44036
2014Q3,HF Financial Corp.,102168,10379,5391,NA,0,102605,0,0,794,NA
2014Q3,High Point Bank Corporation,1022855,10450,8852,6439,0,100146,0,0,307,90324
2014Q3,"Highlands Bankshares, Inc.",100797,5330,3112,0,0,47493,0,0,254,47414
2014Q3,"Highlands Bankshares, Inc.",1024955,5529,11150,5996,0,52544,0,0,0,39656
2014Q3,Hills Bancorporation,1021748,24500,9090,0,0,285970,1890,0,0,282722
2014Q3,Hilltop Holdings Inc.,4383039,42788,17331,0,296,1422975,0,1426,0,1016481
2014Q3,"HMN Financial, Inc.",102447,7923,14985,NA,0,80611,0,361,0,NA
2014Q3,"Home Bancorp, Inc.",4208452,7418,4747,NA,0,151118,54,0,0,NA
2014Q3,"Home BancShares, Inc.",1022914,52844,68070,206,0,958681,0,0,6646,619431
2014Q3,Home State Bancorp,4096814,8415,0,0,0,73957,0,0,1118,72719
2014Q3,"Home State Bancorp, Inc.",1021509,6561,0,0,0,57832,0,0,0,58241
2014Q3,"HomeBancorp, Inc.",4156677,2129,1681,0,0,62929,0,243,0,44335
2014Q3,"HomeStreet, Inc.",103809,21847,0,NA,0,294569,0,0,2,NA
2014Q3,Hometown Banc Corp,1032776,11112,486,0,213,106320,0,0,624,102254
2014Q3,"Hometown Community Bancorp, Inc.",1974114,24661,0,0,-4,251151,0,0,5497,245327
2014Q3,"HomeTrust Bancshares, Inc.",4309281,23080,59080,59080,0,378048,2538,0,0,299653
2014Q3,"Honat Bancorp, Inc.",1020761,8107,3046,0,0,83864,98,0,400,82400
2014Q3,"HopFed Bancorp, Inc.",4002057,8133,2189,0,0,99089,2189,0,286,96539
2014Q3,Hopkins Financial Corporation,1019418,6582,0,0,252,54939,0,0,0,50901
2014Q3,Horizon Bancorp,100750,16160,14186,0,0,189780,0,40,3709,145858
2014Q3,"HSB Bancorp, Inc.",4056109,5212,418,0,0,41437,0,0,0,41476
2014Q3,HSBC North America Holdings Inc.,4093817,3094233,4694493,NA,29154,31362428,0,52915,0,25930321
2014Q3,"Hudson City Bancorp, Inc.",4047078,242212,272307,NA,0,4815573,58,0,20070,NA
2014Q3,Hudson Valley Holding Corp.,1016867,27722,28514,0,0,291344,0,0,1581,289029
2014Q3,Huntington Bancshares Incorporated,100307,631036,118864,0,-3,6284169,0,7963,40739,5489382
2014Q3,"Hy-Vee, Inc.",1021011,900,0,NA,0,1045557,0,0,0,NA
2014Q3,IBERIABANK Corporation,1024573,134540,59768,0,0,1817548,0,0,11370,1267783
2014Q3,IBT Holdings Corp.,4161780,8877,6229,1450,128,126761,0,0,0,87934
2014Q3,"Ida Grove Bancshares, Inc.",1021268,16701,61,0,0,131020,0,0,2504,125598
2014Q3,"IF Bancorp, Inc.",4282019,4037,2533,NA,0,82200,0,0,219,NA
2014Q3,"Illinois National Bancorp, Inc.",1021438,4835,0,0,0,62473,0,0,275,62037
2014Q3,IMB HoldCo LLC,4224604,80386,20496,0,0,2951632,0,0,0,2708258
2014Q3,"Independence Bancshares, Inc.",1019125,9414,0,0,127,102488,0,0,2593,104318
2014Q3,"Independent Alliance Banks, Inc.",1984153,10351,3328,0,0,111135,129,0,862,94526
2014Q3,Independent Bank Corp.,100325,55005,20883,0,0,627182,0,0,5738,466815
2014Q3,Independent Bank Corporation,100319,27508,50332,43049,0,247067,0,0,1377,206738
2014Q3,"Independent Bank Group, Inc.",4087983,16840,1836,0,0,500311,0,61,982,256232
2014Q3,Independent Bankers Financial Corporation,1018940,16125,4911,0,0,242848,0,556,0,194756
2014Q3,"Independent Holdings, Inc.",4088004,7863,1548,0,0,101823,0,88,0,52365
2014Q3,"Independent Southern Bancshares, Inc.",1018632,2714,7062,5368,0,18233,0,0,0,12509
2014Q3,"Industry Bancshares, Inc.",1024056,8926,8917,0,0,275150,163,0,2735,235541
2014Q3,"Inland Bancorp, Inc.",4064697,21551,19825,14619,0,83015,0,0,0,67138
2014Q3,"Integrity Bancshares, Inc.",4222538,9460,3361,0,0,59961,0,140,0,59935
2014Q3,"Inter-Mountain Bancorp., Inc.",1019207,9480,0,0,0,69821,0,0,1043,59173
2014Q3,International Bancshares Corporation,101236,71727,0,0,16,1537610,3856,0,18021,1250625
2014Q3,Intervest Bancshares Corporation,1023951,26634,15229,0,0,205879,0,0,1101,207043
2014Q3,INTRUST Financial Corporation,101240,30493,1355,0,0,263148,0,0,5576,264981
2014Q3,Investar Holding Corporation,4410473,4328,1117,0,0,102165,18,0,48,98879
2014Q3,"Investors Bancorp, Inc.",1032002,191084,222861,0,0,3548154,1,0,14285,3473388
2014Q3,"Inwood Bancshares, Inc.",1020035,14560,0,0,0,172282,0,0,5000,138674
2014Q3,Ion Financial MHC,4102912,11964,5159,NA,0,110235,0,0,0,NA
2014Q3,Iowa First Bancshares Corp.,100751,4690,1563,0,0,41623,0,0,322,40995
2014Q3,"Ireland Bancorp, Ltd.",1021997,1491,1271,261,0,15231,0,0,0,15463
2014Q3,"Ironhorse Financial Group, Inc.",4149524,8715,0,0,0,117723,0,0,2070,104334
2014Q3,Isabella Bank Corporation,1022412,10400,5208,0,0,172076,0,0,1697,126136
2014Q3,"Jacksonville Bancorp, Inc.",4041254,15170,0,0,0,36294,0,0,0,36174
2014Q3,"Jeff Davis Bancshares, Inc.",1023137,5401,0,0,0,72529,206,0,649,64202
2014Q3,"Jefferson Bancshares, Inc.",1018946,7499,0,0,0,101792,1,0,1836,103911
2014Q3,"Jefferson County Bancshares, Inc.",1023926,8005,3736,0,0,87384,0,0,0,79125
2014Q3,"JLL/FCH Holdings I, LLC",4201033,6229,0,0,129,55468,0,0,0,55104
2014Q3,John Deere Capital Corporation,102855,118270,23793,NA,2,3757508,0,0,0,NA
2014Q3,"Johnson Financial Group, Inc.",1022905,81575,96347,82542,0,487476,287,0,0,371648
2014Q3,JPMorgan Chase & Co.,100201,14889000,3461000,NA,25000,231277000,1489000,304000,1531000,162800000
2014Q3,JRMB II Inc.,4275416,6280,0,0,0,91022,0,0,2250,91394
2014Q3,Katahdin Bankshares Corporation,1020454,6242,1215,0,0,70487,0,256,340,46166
2014Q3,"Kearny, MHC",4065964,12406,7967,NA,669,379628,0,0,0,NA
2014Q3,"Kennebec Savings, MHC",4538471,4204,0,0,0,103786,0,0,0,100126
2014Q3,"Kentucky Bancshares, Inc.",1017833,5706,96,0,0,76099,0,0,680,62890
2014Q3,Keweenaw Financial Corporation,1023021,4748,1623,0,0,66487,0,0,364,66255
2014Q3,KeyCorp,100334,834785,196125,0,52,10485554,118850,5628,56004,9409360
2014Q3,"Kish Bancorp, Inc.",1020595,5806,2654,0,0,46912,104,0,503,46375
2014Q3,"Klein Financial, Inc.",1019294,15916,34,0,0,177868,0,0,0,149986
2014Q3,Lake Michigan Financial Corporation,4047264,15825,10644,0,0,85220,80,0,582,86364
2014Q3,"Lakeland Bancorp, Inc.",1022451,30047,11881,0,0,372539,0,0,2866,260275
2014Q3,Lakeland Financial Corporation,100608,46387,9906,0,0,351860,197,0,3475,344057
2014Q3,"Lakeside Bancorp, Inc.",1024108,25527,0,0,0,117329,3464,0,1479,119580
2014Q3,"Landmark Bancorp, Inc.",102409,5222,2980,0,0,70042,0,0,604,48800
2014Q3,Landrum Company,1017066,20659,1611,0,967,137310,2911,0,1088,126322
2014Q3,Lauritzen Corporation,1017700,10385,5096,0,210,797488,0,0,1000,741043
2014Q3,LCNB Corp.,4047115,3298,1286,0,0,123179,0,0,1487,91050
2014Q3,"Leackco Bank Holding Company, Inc.",1019806,5463,87,0,0,53247,0,0,815,46896
2014Q3,Leader Bancorp Inc.,4135423,5349,0,0,0,81714,0,32,0,68847
2014Q3,Learner Financial Corporation,1016802,5046,6120,0,0,65800,0,0,138,65435
2014Q3,"LegacyTexas Financial Group, Inc.",4122259,22585,9198,0,0,564127,0,0,4800,532983
2014Q3,"Legend Bancorp, Inc.",1022531,5985,0,0,0,67010,0,0,1088,54057
2014Q3,"Level One Bancorp, Inc.",4170465,5388,6447,0,0,83417,0,29,0,72546
2014Q3,"Liberty Bancshares, Inc.",1024868,10707,3116,0,0,107324,0,0,929,103768
2014Q3,"Liberty Capital, Inc.",1031091,6888,0,NA,0,77531,0,0,0,NA
2014Q3,"Liberty Financial Services, Inc.",1019743,7999,0,0,0,43410,353,56,0,32241
2014Q3,"Liberty Shares, Inc.",1018321,11857,0,0,0,9691,0,502,0,-5646
2014Q3,"LINCO Bancshares, Inc.",4149398,9698,0,0,0,80333,0,0,0,77261
2014Q3,Lincoln Bancorp,1021575,6051,0,0,0,64831,0,0,0,42918
2014Q3,"Lincoln County Bancorp, Inc.",1018449,8041,0,0,0,49670,20,0,0,48852
2014Q3,"LNB Bancorp, Inc.",100612,17432,5736,0,0,113065,0,0,97,92512
2014Q3,"Lone Star National Bancshares--Texas, Inc.",1024721,28814,10511,0,0,232183,3171,0,0,231804
2014Q3,"Lone Star State Bancshares, Inc.",4200947,7041,0,0,0,83878,0,0,1132,74479
2014Q3,Longview Financial Corporation,1018704,24608,5453,0,0,196464,0,106,1525,186161
2014Q3,Lowell Five Bancorp MHC,4306970,6331,189,0,0,114569,0,0,0,112750
2014Q3,Luana Bancorporation,1021511,7500,0,0,0,51109,0,0,1071,46833
2014Q3,Luther Burbank Corporation,1031084,52476,1735,NA,0,346224,0,0,5000,NA
2014Q3,"Lyons Bancorp, Inc.",1021806,7605,4006,0,0,52404,233,0,567,54431
2014Q3,"M & F Bancorp, Inc.",1023748,624,0,0,0,13191,0,0,1,13355
2014Q3,M&T Bank Corporation,100253,918633,500812,88041,0,12333316,0,20443,92954,7407176
2014Q3,"Mabrey Bancorporation, Inc.",1023961,9357,0,0,0,57809,0,0,653,49119
2014Q3,Macatawa Bank Corporation,4004314,19629,12301,8497,0,140469,0,0,676,132231
2014Q3,"Machias Bancorp, MHC",4048991,20972,8883,0,26,140769,0,0,0,136064
2014Q3,Mackinac Financial Corporation,1019295,5279,8681,5000,0,67132,0,0,287,61594
2014Q3,Magnolia Banking Corporation,1020097,12900,0,0,0,94170,0,0,1820,82224
2014Q3,"Magyar Bancorp, MHC",4113450,2835,3652,2265,0,45948,0,0,0,44381
2014Q3,"MainSource Financial Group, Inc.",100513,24549,13702,0,0,332790,0,0,2250,252351
2014Q3,Malaga Financial Corporation,4088008,2963,0,NA,0,102828,0,0,1050,NA
2014Q3,"Malvern Bancorp, Inc.",4190220,4589,2376,NA,0,76772,0,0,0,NA
2014Q3,Manhattan Banking Corporation,1020392,17972,455,0,0,98638,0,0,2104,98179
2014Q3,"Marine Bancorp, Inc.",1023065,5020,0,0,0,54670,0,0,600,NA
2014Q3,"Market Street Bancshares, Inc.",1022117,9539,0,0,0,69681,0,0,876,68790
2014Q3,Marlin Business Services Corp.,4089372,8371,0,0,0,170046,0,0,1609,170081
2014Q3,Marquette Financial Companies,1019259,9873,0,0,0,123681,0,0,0,123526
2014Q3,Marquette National Corporation,1021400,15952,14359,11089,0,140551,0,321,255,77852
2014Q3,Marshfield Investment Company,1018355,6657,0,0,0,54846,0,0,0,47207
2014Q3,Mascoma Mutual Financial Services Corporation,1032049,12227,3106,NA,0,117752,0,0,0,NA
2014Q3,"MB Financial, Inc.",102316,102810,0,0,79,1989917,2224,2000,10545,1098565
2014Q3,"MBT Bancshares, Inc.",4040474,3317,0,0,0,27478,0,0,758,27311
2014Q3,MBT Financial Corp.,4056273,13130,23669,18443,0,130652,0,0,0,116478
2014Q3,Mercantil Commercebank Holding Corporation,1020142,61250,19607,0,0,673077,0,0,0,653444
2014Q3,Mercantile Bank Corporation,113567,20374,8928,0,0,320993,0,0,2022,255318
2014Q3,"Merchants & Marine Bancorp, Inc.",4206027,3485,5108,0,0,61053,0,0,332,65406
2014Q3,Merchants Bancorp,4149826,3884,0,0,0,100230,0,0,0,96885
2014Q3,"Merchants Bancorp, Incorporated",1027866,5307,1881,0,0,59630,0,0,0,58927
2014Q3,"Merchants Bancshares, Inc.",100353,12019,4540,0,0,125764,0,0,1772,126942
2014Q3,"Merchants Financial Group, Inc.",1019626,11734,0,0,0,127832,0,0,1,109953
2014Q3,"Meridian Bancorp, Inc.",4113820,26739,14410,0,0,571039,0,0,0,554243
2014Q3,"Mesaba Bancshares, Inc.",1024294,11084,1327,727,0,8948,0,0,0,7799
2014Q3,"Meta Financial Group, Inc.",1027856,5397,6591,NA,0,174802,0,0,797,NA
2014Q3,"Metro Bancorp, Inc.",4048256,24540,12239,0,0,253362,0,20,0,262471
2014Q3,"Metropolitan BancGroup, Inc.",4190122,6788,1927,0,0,75865,0,0,0,72270
2014Q3,"Metropolitan Bank Group, Inc.",1021230,4417,0,0,0,207099,0,0,0,143872
2014Q3,Metropolitan Bank Holding Corp.,4050644,7538,4379,0,0,57939,0,0,0,41934
2014Q3,"Mid Illinois Bancorp, Inc.",1021465,5757,1366,0,0,79377,0,0,0,78176
2014Q3,"Mid Penn Bancorp, Inc.",100614,6411,2055,0,0,58811,0,88,350,51435
2014Q3,"Mid State Banks, Inc.",1018040,3851,0,0,0,1837,0,0,0,1821
2014Q3,MidCountry Financial Corp.,4080656,57309,34461,NA,0,211035,0,0,0,NA
2014Q3,Middleburg Financial Corporation,1024214,11423,5571,0,0,120922,0,0,713,113250
2014Q3,Middlefield Banc Corp.,1022345,7288,1867,0,0,61517,0,0,535,55229
2014Q3,"Middlesex Bancorp, MHC",4227415,30142,13507,0,0,515052,0,0,0,490064
2014Q3,"Midland Bancshares, Inc.",4054604,8584,0,0,0,81419,0,0,427,68252
2014Q3,Midland Financial Co.,1031080,79259,1184,NA,0,1125349,0,0,68000,NA
2014Q3,Midland Financial Corporation,1017081,2935,0,0,0,69424,0,0,1500,71003
2014Q3,"Midland States Bancorp, Inc.",1022911,13756,9700,0,0,158866,21,0,1008,102571
2014Q3,"Mid-Missouri Bancshares, Inc.",1019952,5606,3426,0,0,22357,0,0,0,22379
2014Q3,"MidSouth Bancorp, Inc.",100835,9425,0,0,0,206014,0,174,1021,112841
2014Q3,"Midstate Bancorp, Inc.",1017052,5159,0,0,0,18207,0,0,0,NA
2014Q3,Midwest Banc Holding Co.,1017613,6689,1055,0,0,67068,0,0,0,63948
2014Q3,"Midwest Bankcentre, Inc.",4053370,12309,6419,0,0,127739,866,0,652,126864
2014Q3,"Midwest Community Bancshares, Inc.",1974106,1943,574,0,NA,65627,NA,NA,NA,55157
2014Q3,"Midwest Independent Bancshares, Inc.",1020632,5661,3808,2133,22,48004,0,0,0,39535
2014Q3,"MidWestOne Financial Group, Inc.",1021746,18586,3784,0,0,188940,1236,0,1210,175811
2014Q3,"Minnehaha Banshares, Inc.",1019463,19155,6061,0,0,139298,0,0,221,135511
2014Q3,Minnwest Corporation,1020552,19177,2153,0,0,166196,0,0,0,161913
2014Q3,Modern Bank Partners LLC,4215724,6604,1633,1000,0,39861,0,0,0,40663
2014Q3,"Monarch Financial Holdings, Inc.",4135753,8977,6690,0,46,105088,0,0,851,104447
2014Q3,Montecito Bancorp,1020358,11676,456,0,0,118476,0,0,1038,112322
2014Q3,"Montgomery Bancorporation, Inc.",1019163,9037,0,0,0,54110,0,0,1026,53315
2014Q3,"Monticello Bankshares, Inc.",1018492,5389,352,0,0,55499,0,3,421,53627
2014Q3,"Moody Bancshares, Inc.",1018872,7249,999,0,48,115977,0,0,0,113983
2014Q3,Morgan Stanley,103042,141000,5286000,NA,59000,72918000,209000,63000,202000,59409000
2014Q3,"MountainOne Financial, MHC",1981075,8371,9937,7510,0,69158,0,0,0,58651
2014Q3,MSB Mutual Holding Company,1974117,7228,1776,0,0,96178,0,0,0,94668
2014Q3,MUFG Americas Holdings Corporation,1022285,528571,7187,NA,-4677,15050477,0,0,0,12188678
2014Q3,"MutualFirst Financial, Inc.",4050583,13249,13328,6497,0,122142,0,0,575,112147
2014Q3,MVB Financial Corp.,4093237,6964,2657,0,0,110658,0,144,317,78776
2014Q3,N W Services Corporation,1018279,4437,0,0,0,-4931,0,0,0,-720
2014Q3,"Nacogdoches Commercial Bancshares, Inc.",1018875,3633,1234,0,0,56673,0,226,25,44798
2014Q3,Narragansett Financial Corp.,1981063,6276,2938,0,7,99649,0,0,0,90619
2014Q3,"NASB Financial, Inc.",4014500,15489,7910,NA,0,199892,8411,0,786,NA
2014Q3,"NATCOM Bancshares, Inc.",4008289,5041,0,0,0,62143,0,0,867,55007
2014Q3,National Americas Holdings LLC,4217786,47518,44384,0,0,1199694,0,0,34000,547140
2014Q3,"National Bancorp, Inc.",1023582,4408,6563,4562,-12,48317,0,0,0,41924
2014Q3,National Bank Holdings Corporation,4244066,16591,50601,0,0,808962,54116,0,2159,729216
2014Q3,National Bank of Indianapolis Corporation,1024165,12452,5842,0,0,110990,497,0,0,108560
2014Q3,"National Bankshares, Inc.",100895,8031,6214,0,0,162822,0,0,0,164342
2014Q3,National Commerce Corporation,4161782,9018,6561,1146,208,96909,0,0,0,71992
2014Q3,National Consumer Cooperative Bank,1031136,13415,839,NA,0,242341,0,0,0,NA
2014Q3,"National Penn Bancshares, Inc.",100383,88927,59478,0,0,1107184,0,0,13925,852023
2014Q3,"National United Bancshares, Inc.",4076619,6392,1408,0,0,58001,0,0,710,57684
2014Q3,Naugatuck Valley Financial Corporation,4093630,6971,0,NA,0,59432,0,0,0,NA
2014Q3,"NB&T Financial Group, Inc.",1017827,3911,0,0,0,71265,432,0,1029,66626
2014Q3,NBC Corporation of Oklahoma,1017687,4840,0,0,0,31123,0,0,538,30962
2014Q3,NBT Bancorp Inc.,100374,69334,15321,0,0,857440,0,0,9228,596337
2014Q3,NEB Corporation,1021084,31503,18218,0,19,332169,0,0,0,323810
2014Q3,"Neighbor Insurance Agency, Inc.",1020973,6226,155,0,0,88408,0,0,1040,85730
2014Q3,New Hampshire Mutual Bancorp,4327187,7372,1731,0,0,150738,0,0,0,139524
2014Q3,"New Hampshire Thrift Bancshares, Inc.",101917,9526,0,NA,0,153949,0,58,1071,NA
2014Q3,"New Peoples Bankshares, Inc.",4073234,10454,5167,3866,0,40667,0,0,0,37218
2014Q3,"New York Community Bancorp, Inc.",1024119,185426,0,0,0,5777998,178,0,110579,3356998
2014Q3,New York Private Bank & Trust Corporation,4089972,81403,69381,0,801,813767,0,0,0,819104
2014Q3,NewBridge Bancorp,100346,22501,34143,21680,0,228431,0,0,0,178751
2014Q3,"Newburyport Five Cents Bancorp, MHC",4303395,5420,2495,0,0,116959,0,0,0,112269
2014Q3,"Newfield Bancorp, Inc.",1023103,4417,1545,0,0,50556,704,0,286,50310
2014Q3,"NewFirst Financial Group, Inc.",4092218,6335,0,0,0,53554,0,0,1352,51304
2014Q3,"NexBank Capital, Inc.",4072650,9050,0,NA,0,113916,0,0,0,NA
2014Q3,NI Bancshares Corporation,1023084,3344,134,0,0,56633,0,0,0,52750
2014Q3,"Nicolet Bankshares, Inc.",4076774,10052,6343,0,23,109676,0,61,0,79117
2014Q3,"Nodaway Valley Bancshares, Inc.",1017708,10214,0,0,0,74359,175,0,1749,62367
2014Q3,"North American Bancshares, Inc.",1018987,21850,11785,0,0,238904,0,0,2600,209630
2014Q3,North Shore Bancorp,1032895,5364,3346,0,NA,70555,NA,NA,NA,68439
2014Q3,North State Bancorp,4077775,7065,1972,0,0,46585,0,0,0,46424
2014Q3,Northeast Bancorp,101687,1539,2077,0,0,113242,94,0,102,113130
2014Q3,"Northern Bancorp, Inc.",1021843,15066,10150,0,0,106861,0,78,0,103135
2014Q3,"Northern Bankshares, Inc.",1021237,9935,0,0,0,24487,0,0,693,24232
2014Q3,Northern States Financial Corporation,100809,8407,639,0,0,32060,0,0,0,33005
2014Q3,Northern Trust Corporation,100386,269372,0,NA,0,8542392,77332,0,79283,7812324
2014Q3,"Northfield Bancorp, Inc.",4087277,26277,27425,NA,0,617841,31482,0,3098,NA
2014Q3,Northfield Mutual Holding Company,4065673,6127,3581,0,0,97323,0,0,0,98147
2014Q3,"Northrim BanCorp, Inc.",4073343,16727,10279,0,190,159116,0,0,1236,151162
2014Q3,"Northway Financial, Inc.",1137112,10105,1747,0,0,88765,0,59,880,56048
2014Q3,"Northwest Bancorporation of Illinois, Inc.",1021136,1907,0,0,0,-29177,0,0,0,NA
2014Q3,"Northwest Bancorporation, Inc.",1024024,5887,478,0,0,37698,0,0,0,36840
2014Q3,"Northwest Bancshares, Inc.",1137118,71650,5704,NA,0,1076721,0,0,12068,NA
2014Q3,Northwest Financial Corp.,1023694,15713,586,0,0,145979,0,0,789,133120
2014Q3,NorthWest Indiana Bancorp,1024343,6231,2879,849,0,74100,0,0,711,70996
2014Q3,"Norway Bancorp, MHC",4050476,8278,0,0,0,133933,0,0,0,126171
2014Q3,Norwood Financial Corp.,1024923,5651,3692,0,0,97407,0,0,1094,87318
2014Q3,"NVE Bancorp, MHC",1032001,2317,5200,0,0,88232,0,0,0,87726
2014Q3,Oak Valley Bancorp,4206680,7541,2772,0,0,72793,0,0,525,71296
2014Q3,"Ocean Bankshares, Inc.",1020194,32851,134130,121730,0,319140,0,0,0,205378
2014Q3,Ocean Shore Holding Co.,4044696,3280,4231,NA,0,105148,4236,0,406,NA
2014Q3,OceanFirst Financial Corp.,102614,16310,15642,NA,0,218650,542,0,2007,NA
2014Q3,"OceanPoint Financial Partners, MHC",4095990,7618,203,0,0,128535,0,0,0,120540
2014Q3,"Oconomowoc Bancshares, Inc.",1024695,6152,1799,0,0,65082,0,0,0,61962
2014Q3,OFG Bancorp,1032005,127085,121217,71037,0,929998,1,3465,3604,571797
2014Q3,Ohio Valley Banc Corp.,1023841,6964,3327,0,0,85963,0,0,861,83921
2014Q3,"Ohnward Bancshares, Inc.",1020985,8810,2276,0,0,121275,0,0,0,113821
2014Q3,"Old Florida Bancshares, Inc.",1018252,9450,4902,0,33,145626,0,0,0,136423
2014Q3,"Old Line Bancshares, Inc.",4088384,3872,19844,9042,0,133246,0,0,539,112367
2014Q3,Old National Bancorp,100391,48279,134633,50047,0,1407180,13687,0,12635,872756
2014Q3,Old Point Financial Corporation,1017985,7025,5639,0,0,86928,0,0,347,93375
2014Q3,"Old Second Bancorp, Inc.",100625,23330,71375,65260,0,192691,0,1065,0,86768
2014Q3,"Olney Bancshares of Texas, Inc.",1024326,16241,0,0,0,267081,0,0,5214,191154
2014Q3,"Olympic Bancorp, Inc.",1974105,6820,0,0,0,102577,0,0,749,84402
2014Q3,One American Corp.,1018151,11748,3414,0,0,97230,101,0,431,96858
2014Q3,Oneida Financial Corp.,4040228,3491,5810,NA,3,94857,0,0,843,NA
2014Q3,"Orange County Bancorp, Inc.",4163597,4606,4101,0,0,98816,0,0,802,90275
2014Q3,Orient Bancorporation,1016710,10463,0,0,0,45811,0,0,0,43452
2014Q3,Oritani Financial Corp.,4047189,31569,35849,NA,0,519849,10195,0,7391,NA
2014Q3,"Orrstown Financial Services, Inc.",100631,16019,0,0,0,106518,0,0,0,105963
2014Q3,"Ottawa Bancshares, Inc.",1017196,3333,0,0,0,46481,0,0,0,45631
2014Q3,Ouachita Bancshares Corp.,1032768,4991,0,0,0,59438,0,0,1500,57231
2014Q3,Oxford Financial Corporation,1021933,3523,0,0,0,21579,0,0,0,20762
2014Q3,Pacific City Financial Corporation,4165699,9925,4894,0,0,83770,0,56,0,84233
2014Q3,Pacific Coast Bankers' Bancshares,1984150,3787,3640,0,0,48943,0,63,0,43347
2014Q3,Pacific Continental Corporation,4049245,15722,7247,0,0,182537,0,0,2308,155541
2014Q3,Pacific Financial Corporation,1032879,8255,4072,0,0,73257,0,0,0,60002
2014Q3,Pacific Mercantile Bancorp,4055039,13170,6160,5310,0,117524,0,0,0,101675
2014Q3,"Pacific Premier Bancorp, Inc.",109020,10767,10721,4019,0,197857,0,0,0,168727
2014Q3,PacWest Bancorp,4053613,81898,331176,178615,0,3478246,0,0,25738,1544779
2014Q3,"Paducah Bank Shares, Inc.",1018623,5865,0,0,0,72629,0,0,1531,65183
2014Q3,Palm Bancorp,1019076,4536,503,0,0,97053,0,0,653,95295
2014Q3,"Palmetto Bancshares, Inc.",1017943,15366,18109,10288,0,131335,0,0,640,129810
2014Q3,Paragon Commercial Corporation,4072049,7009,5919,188,0,84341,0,0,0,83528
2014Q3,"Park Bancorporation, Inc.",1021547,11764,2825,0,0,55759,0,176,0,47967
2014Q3,Park National Corporation,100396,57674,5927,0,0,688016,0,0,14487,629602
2014Q3,Park Sterling Corporation,4274392,9458,37869,29174,0,271134,0,0,897,203189
2014Q3,"Parke Bancorp, Inc.",4101917,17723,12835,1488,1233,100766,0,0,598,79294
2014Q3,"Parkway Bancorp, Inc.",1021005,32895,17026,5249,0,193536,0,0,0,177938
2014Q3,Passumpsic Bancorp,1025020,4249,901,0,0,67682,0,0,0,51507
2014Q3,"Patriot Bancshares, Inc.",4110130,12651,6938,0,0,117836,0,922,0,62015
2014Q3,Peapack-Gladstone Financial Corporation,1137117,18299,11662,0,0,188070,0,0,608,186334
2014Q3,"Pedcor Capital, LLC",4143137,1183,0,0,-337,43592,0,0,0,43550
2014Q3,"Pedcor Financial, LLC",4101907,1286,4617,NA,147,17122,0,0,0,NA
2014Q3,Penn Liberty Financial Corp.,4093973,6207,2327,0,0,63741,55,50,0,43599
2014Q3,"Penns Woods Bancorp, Inc.",100637,9250,7036,6928,0,137004,510,0,2266,111371
2014Q3,Peoples Bancorp,1016775,13899,2410,0,0,139291,91,0,0,139291
2014Q3,Peoples Bancorp Inc.,100532,17556,9824,0,0,319332,48,0,1675,232720
2014Q3,"Peoples Bancorp of North Carolina, Inc.",4050385,12343,3414,0,0,96207,0,0,227,91818
2014Q3,"Peoples Bancorp, Inc.",1021530,6636,0,0,0,60662,0,0,906,53812
2014Q3,"Peoples Federal Bancshares, Inc.",4253727,4026,5238,NA,0,103890,41,0,289,NA
2014Q3,Peoples Financial Corporation,1019929,11010,7620,0,0,102373,0,0,0,103612
2014Q3,Peoples Financial Services Corp.,1020405,10229,3497,0,0,246069,0,0,2340,175596
2014Q3,"People's United Financial, Inc.",4147129,196881,0,NA,0,4655037,110,0,49434,NA
2014Q3,People's Utah Bancorp,4048950,14490,8081,0,0,155198,0,0,0,153795
2014Q3,"PeoplesBancorp, MHC",4092212,11580,13803,0,0,175996,0,0,0,184317
2014Q3,"PeoplesSouth Bancshares, Inc.",1023342,5049,4933,0,0,42515,0,0,765,45425
2014Q3,"Persons Banking Company, Inc.",1018047,3266,0,0,0,12049,0,0,0,13509
2014Q3,"Pinnacle Bancorp, Inc.",1017023,88255,0,0,153,825244,0,0,13800,720072
2014Q3,Pinnacle Financial Corporation,1018216,4798,0,0,0,63283,84,0,1236,54738
2014Q3,"Pinnacle Financial Partners, Inc.",4055925,66160,22253,0,0,781934,0,0,2856,533787
2014Q3,"Pioneer Bancorp, Inc.",4089672,3456,0,NA,0,64499,10,0,660,NA
2014Q3,"Plains Bancorp, Inc.",1018905,10234,0,0,0,97547,389,0,2618,88280
2014Q3,"Planters Financial Group, Inc.",4072046,9482,231,0,0,70278,0,0,873,65666
2014Q3,Planters Holding Company,1018412,6622,1819,0,0,69908,0,0,0,67774
2014Q3,"Platte Valley Financial Service Companies, Inc.",1032817,11254,3395,0,0,89513,0,0,632,83664
2014Q3,Plumas Bancorp,4074251,5251,2854,0,0,34688,0,0,0,35228
2014Q3,PNBK Holdings LLC,4247771,2670,16812,11570,2713,73648,0,0,0,49535
2014Q3,"PNC Financial Services Group, Inc.",100406,3406278,0,NA,2101,44481002,362068,68851,255436,30751836
2014Q3,"Ponkapoag Bancorp, MHC",4093201,6473,5880,1800,0,48008,0,0,0,48175
2014Q3,"Popular, Inc.",100165,611000,758000,618000,0,4298000,2000,1000,0,3303000
2014Q3,"Porter Bancorp, Inc.",1022071,24198,0,0,0,29328,0,787,0,-7204
2014Q3,"Post Oak Bancshares, Inc.",4235402,9250,2823,2823,0,98361,212,0,0,95652
2014Q3,"Premier Financial Bancorp, Inc.",101237,10180,1800,0,0,148234,0,190,974,109572
2014Q3,"Presidential Holdings, Inc.",4044765,4199,3470,NA,1,40744,0,0,0,NA
2014Q3,Prime Banc Corp.,1023212,3644,1263,496,0,55592,0,25,288,43778
2014Q3,PriorityOne Capital Corporation,1018194,8035,0,0,0,55683,0,0,820,54209
2014Q3,"PrivateBancorp, Inc.",1023170,154620,98347,0,0,1435309,32,0,784,1318363
2014Q3,Progress Financial Corporation,4393096,4209,2624,0,0,56455,171,0,0,57133
2014Q3,Prophetstown Banking Co.,1024265,10947,1132,0,0,72685,0,0,0,67326
2014Q3,"Prosperity Bancshares, Inc.",1018962,77613,86209,0,0,3182949,0,0,16741,1252357
2014Q3,Provident Bancorp,4054764,6712,3035,0,0,74714,0,86,0,55543
2014Q3,"Provident Financial Holdings, Inc.",102638,8888,5419,NA,0,144963,757,0,1021,NA
2014Q3,"Provident Financial Services, Inc.",4080424,63330,47844,0,0,1129042,520,0,9789,724211
2014Q3,"Prudential Bancorp, Inc.",4095322,2425,1131,0,0,129424,0,0,571,130377
2014Q3,"PSB Holdings, Inc.",1024699,6424,2340,0,0,60608,332,0,-2,59740
2014Q3,Pulaski Financial Corp.,4044240,15978,8998,NA,0,112117,17,126,1093,NA
2014Q3,"Putnam Bancshares, Inc.",1020426,3803,2076,0,0,81016,0,0,0,80837
2014Q3,Putnam-Greene Financial Corporation,1021787,6534,8454,6218,0,55992,0,0,0,53433
2014Q3,"QCR Holdings, Inc.",1024092,22768,11186,1938,0,138180,0,0,0,136043
2014Q3,QNB Corp.,100642,8366,3756,0,0,83328,0,0,925,83617
2014Q3,"Quail Creek Bancshares, Inc.",1017256,5324,0,0,0,53393,0,0,2224,52333
2014Q3,Queensborough Company,1019770,12023,3484,0,0,74806,0,283,0,60119
2014Q3,"Radius Bancorp, Inc.",4239174,6771,4064,NA,0,57147,0,0,0,NA
2014Q3,"Raymond James Financial, Inc.",102771,150652,231325,0,-7210,4141236,-48,0,22686,3764823
2014Q3,RBB Bancorp,4265262,9063,9363,0,0,147768,0,0,0,143401
2014Q3,"RCB Holding Company, Inc.",1019745,16193,0,0,0,223207,811,0,3832,173610
2014Q3,"Red River Bancorp, Inc.",1019867,4695,0,0,0,57812,0,0,665,57993
2014Q3,"Red River Bancshares, Inc.",4049020,8959,2227,0,0,123993,0,0,0,122140
2014Q3,"Regent Bancorp, Inc.",4057729,7690,90,0,0,13227,0,0,0,3394
2014Q3,Regions Financial Corporation,100233,1177880,347154,0,0,17160405,0,20011,68931,11596972
2014Q3,"Reliable Community Bancshares, Inc.",1022518,7844,5295,0,0,113084,261,0,0,106999
2014Q3,"Reliance Bancshares, Inc.",4050724,12394,38737,34568,0,135418,0,0,0,62111
2014Q3,Renasant Corporation,100541,44569,44745,0,0,700475,0,0,5382,418156
2014Q3,Republic Bancorp Co.,1021032,16746,0,0,0,173902,0,0,3250,171165
2014Q3,"Republic Bancorp, Inc.",1018438,23617,4238,0,0,557368,0,0,3856,542339
2014Q3,"Republic First Bancorp, Inc.",100298,12216,5139,4097,0,111593,0,0,0,107977
2014Q3,"Rhinebeck Bancorp, MHC",4094207,5646,4488,0,0,53320,0,0,0,49501
2014Q3,"River Valley Bancorporation, Inc.",1021525,9678,0,0,0,72699,0,0,1791,56164
2014Q3,"Riverview Bancorp, Inc.",1032031,12001,14301,NA,16,100310,0,0,0,NA
2014Q3,"Robertson Holding Company, L.P.",1027830,7865,2536,0,788,24356,0,0,0,22856
2014Q3,"Rockhold BanCorp, Inc.",1981041,3100,0,0,0,52086,0,0,0,53165
2014Q3,"Rollstone Bancorp, MHC",4317473,5531,1920,NA,0,59099,0,0,0,NA
2014Q3,"Royal Bancshares of Pennsylvania, Inc.",100416,11482,113,0,26,62258,0,0,0,44747
2014Q3,"RSI Bancorp, MHC",4048917,2358,2796,0,0,77297,0,0,0,77964
2014Q3,"S&T Bancorp, Inc.",100445,47316,26070,0,0,605897,22,0,5048,435815
2014Q3,"S.B.C.P. Bancorp, Inc.",1024766,9610,5808,3088,0,55854,0,0,0,48098
2014Q3,"Sabine Bancshares, Inc.",1018899,6071,0,0,0,80254,0,0,1062,77558
2014Q3,Salem Five Bancorp,4104022,21590,13776,0,0,380504,0,0,0,365241
2014Q3,"Salin Bancshares, Inc.",1020400,8571,0,0,0,81597,0,0,621,78782
2014Q3,"Salisbury Bancorp, Inc.",4017897,5384,0,0,0,75516,0,40,480,45941
2014Q3,"Sandy Spring Bancorp, Inc.",100651,37574,12354,0,0,522404,0,0,5060,435068
2014Q3,Santander BanCorp,4055610,82953,48647,26328,0,1089306,0,1641,0,977031
2014Q3,"Santander Holdings USA, Inc.",102000,1805389,0,1218784,54420,18367663,0,3650,0,8719412
2014Q3,"SB Financial Group, Inc.",101021,6713,0,0,0,60266,0,0,196,42172
2014Q3,"SBC, Incorporated",1021243,9415,0,0,0,38556,0,0,0,34997
2014Q3,"SBM Financial, Inc.",4254621,8188,26054,NA,0,85097,0,0,0,NA
2014Q3,"Scottrade Financial Services, Inc.",4160734,14606,0,NA,0,1645199,0,0,23200,NA
2014Q3,Seacoast Banking Corporation of Florida,100425,17571,58508,36383,0,235955,194,0,0,204741
2014Q3,"Seaway Bancshares, Inc.",1021195,20461,7713,5195,0,31990,0,0,0,27529
2014Q3,"Security Bancorp of Tennessee, Inc.",1020094,2528,0,0,0,69814,161,0,0,65222
2014Q3,Security Capital Corporation,1018532,3508,0,0,0,77135,0,90,0,54318
2014Q3,Security Federal Corporation,1031054,8647,2192,1603,0,85669,0,110,236,56176
2014Q3,Security Holding Company,1018862,3665,2032,0,-292,111476,0,0,902,110792
2014Q3,Security National Corporation,1020471,9981,0,0,0,82650,0,0,1803,79568
2014Q3,Security National Corporation,1020987,16384,14752,0,0,123947,0,0,7797,122293
2014Q3,"Security Star Bancshares, Inc.",1022105,8272,0,0,267,76087,0,0,2791,49770
2014Q3,"Security State Bancshares, Inc.",1021974,8058,0,0,0,31931,0,0,0,33508
2014Q3,"Select Bancorp, Inc.",4087734,6530,4522,1516,0,93995,0,0,-1,77431
2014Q3,"Sequatchie Valley Bancshares, Inc.",1018238,4945,0,0,0,65135,0,0,714,58208
2014Q3,"ServisFirst Bancshares, Inc.",4188426,34442,15620,0,0,392884,0,100,1240,348236
2014Q3,"Severn Bancorp, Inc.",1031105,9282,0,NA,0,82739,0,526,0,NA
2014Q3,"Shore Bancshares, Inc.",1027751,8606,16849,15117,0,138674,0,0,0,110507
2014Q3,"SI Financial Group, Inc.",4093272,7619,9633,NA,0,156106,255,0,368,NA
2014Q3,Sierra Bancorp,4064269,11012,11104,6869,0,186240,0,0,1260,170473
2014Q3,"Signature Bancorp, Inc.",4079946,5747,2454,0,0,65188,2,0,0,65175
2014Q3,"Silver Queen Financial Services, Inc.",1031153,4035,0,NA,0,160786,0,0,0,NA
2014Q3,Silvergate Capital Corporation,4093135,4298,2868,0,0,61370,0,40,0,53943
2014Q3,Simmons First National Corporation,100431,27076,35991,0,0,484005,0,0,3954,376094
2014Q3,"Simplicity Bancorp, Inc.",4088708,4330,999,NA,0,137541,0,0,635,NA
2014Q3,Sinopac Bancorp,1137103,21639,25260,25156,0,326909,0,0,0,81108
2014Q3,"Skagit Bancorp, Inc.",4140666,5581,2094,0,0,71564,0,0,0,72082
2014Q3,SKBHC Holdings LLC,4255466,15159,128124,106378,0,561312,0,0,0,375866
2014Q3,SNBNY Holdings Limited,1025189,23285,11007,0,0,528453,0,0,0,503673
2014Q3,Solvay Bank Corporation,1020700,6031,2139,0,0,69419,0,0,605,70747
2014Q3,Somerset Trust Holding Company,4054647,7130,1601,0,0,81496,0,0,617,80103
2014Q3,"South Central Bancshares of Kentucky, Inc.",4050741,9217,2589,0,0,87452,0,90,0,83614
2014Q3,"South Dakota Bancshares, Inc.",1019302,10177,435,0,0,55873,0,0,682,52397
2014Q3,"South Plains Financial, Inc.",1023897,28218,0,0,0,161093,0,0,993,161977
2014Q3,South Shore Bancorp MHC,4093187,6749,5837,0,0,108456,0,0,0,104341
2014Q3,South State Corporation,1019950,42836,60322,0,0,966995,0,0,5068,596952
2014Q3,"SouthCrest Financial Group, Inc.",1032793,3725,4125,2688,0,61304,0,320,0,26769
2014Q3,"Southeast Bancshares, Inc.",1024084,1746,0,0,0,25058,0,0,260,24490
2014Q3,Southeastern Bank Financial Corporation,101216,26735,16496,0,0,149583,28,0,877,151426
2014Q3,"Southern Bancorp, Inc.",1022005,8470,0,0,0,111910,0,391,0,39201
2014Q3,"Southern BancShares (N.C.), Inc.",1017933,17044,1959,0,0,209927,0,0,300,149699
2014Q3,Southern Bancshares Corp.,1018569,7605,1857,0,185,50117,0,0,107,47528
2014Q3,"Southern Bancshares, Inc.",1018853,2840,1335,0,217,52849,0,0,0,53889
2014Q3,"Southern First Bancshares, Inc.",4049367,11305,3154,0,0,73592,0,253,0,62376
2014Q3,"Southern Michigan Bancorp, Inc.",100656,5254,2097,0,0,61998,0,0,360,48228
2014Q3,"Southern Missouri Bancorp, Inc.",102420,10111,2878,0,0,126261,0,50,627,95960
2014Q3,"Southern National Bancorp of Virginia, Inc.",4099517,7124,8205,0,0,116380,0,0,974,105877
2014Q3,Southern Utah Bancorporation,1024207,9208,5971,0,0,98667,35,0,769,100331
2014Q3,"Southside Bancshares, Inc.",1021743,13415,12822,0,0,291109,0,0,4148,276378
2014Q3,"Southwest Bancorp, Inc.",100577,30918,15174,1384,0,271966,3678,0,787,269119
2014Q3,Southwest Georgia Financial Corporation,1018056,3196,2109,0,0,33542,0,0,204,34368
2014Q3,"Southwest Missouri Bancorporation, Inc.",1017546,3971,5715,0,0,60788,410,0,0,61713
2014Q3,"Sovereign Bancshares, Inc.",4094187,8832,5648,0,0,107117,0,61,0,81885
2014Q3,"Spirit BankCorp, Inc.",1017473,15655,14540,13019,117,59028,0,0,0,11322
2014Q3,"Spring Bancorp, Inc.",1021880,6769,0,0,0,48152,0,0,0,47484
2014Q3,"Square 1 Financial, Inc.",4101292,22816,10142,0,0,294202,0,0,0,285153
2014Q3,"ST Financial Group, Inc.",4207840,2141,500,500,0,83919,0,0,0,72520
2014Q3,"St. Louis Bancshares, Inc.",4155331,5270,11338,9074,0,28716,0,0,0,18888
2014Q3,"Standard Bancshares, Inc.",1021767,40796,30973,26105,0,262746,0,0,0,234118
2014Q3,"STAR Financial Group, Inc.",1020578,21642,9674,0,0,175805,75,0,870,174228
2014Q3,Starion Bancorporation,1019488,9910,0,0,0,95045,0,0,1844,92962
2014Q3,"Stark Bank Group, Ltd.",1021396,16277,0,0,0,36250,0,0,0,35763
2014Q3,State Bank Financial Corporation,4249236,27231,8061,0,0,458277,0,0,1291,441250
2014Q3,"State Bankshares, Inc.",1022587,24266,13607,0,0,246118,0,2372,0,217335
2014Q3,State Capital Corporation,1018485,8967,7663,1499,0,107761,0,164,146,52134
2014Q3,State Street Corporation,100447,33651,253075,NA,280,21156303,441698,17626,126089,13781494
2014Q3,"Stearns Financial Services, Inc.",1022661,43518,5006,0,0,195584,15407,0,0,192217
2014Q3,Sterling Bancorp,4040590,40612,5743,0,0,961138,0,0,5968,553117
2014Q3,"Sterling Bancorp, Inc.",1031089,10198,8672,NA,0,119498,0,0,0,NA
2014Q3,Stewardship Financial Corporation,1032760,10094,7387,3582,0,57258,0,170,60,40251
2014Q3,Stifel Financial Corp.,102777,19130,234173,197096,0,2238548,0,0,0,1274922
2014Q3,"Stock Yards Bancorp, Inc.",100548,27124,13153,0,0,251447,8,0,3234,248264
2014Q3,Stockman Financial Corporation,1019440,31538,0,0,0,263084,14,0,6084,241600
2014Q3,Stockmens Financial Corporation,1025055,9274,2571,1210,-180,68865,0,0,0,52894
2014Q3,"Strategic Growth Bancorp, Incorporated",4248831,8304,0,0,116,363497,0,0,0,260572
2014Q3,"Sturm Financial Group, Inc.",4065002,12494,0,0,0,153028,0,0,1237,153322
2014Q3,"Suburban Illinois Bancorp, Inc.",1024730,8029,0,0,0,439,0,0,0,NA
2014Q3,Suffolk Bancorp,100453,18800,13218,5302,0,183197,0,0,699,179573
2014Q3,"Summit Financial Group, Inc.",1021909,11041,10785,0,0,121362,0,193,0,102385
2014Q3,"Sun Bancorp, Inc.",109099,26540,0,0,0,247047,0,0,0,209350
2014Q3,"Sunflower Financial, Inc.",1017718,12873,236,0,0,189194,0,0,2543,169753
2014Q3,"SunTrust Banks, Inc.",100449,1968000,0,0,0,22165917,214994,9410,105596,15410127
2014Q3,"Susquehanna Bancshares, Inc.",100457,136870,6903,0,0,2751260,25,0,16870,1501186
2014Q3,Sussex Bancorp,4015338,5709,3859,0,0,50416,0,0,140,47583
2014Q3,SVB Financial Group,100433,129061,40525,0,177,2721957,0,0,0,2683187
2014Q3,Sword Financial Corporation,1021128,8909,0,0,0,44972,0,0,658,42147
2014Q3,Synovus Financial Corp.,100440,269376,656151,529342,0,3076545,0,2559,9734,2417784
2014Q3,"Talmer Bancorp, Inc.",4167896,55660,141204,87860,0,746652,0,0,704,635571
2014Q3,Tampa Bay Banking Company,1021805,13732,6113,528,0,100397,0,0,511,102637
2014Q3,TCF Financial Corporation,102002,222658,0,0,1721,2098587,0,4847,8203,1624700
2014Q3,TD Bank US Holding Company,1022029,1351743,566618,NA,8704,25149086,0,0,0,11271957
2014Q3,"Tennessee State Bancshares, Inc.",1020626,6553,2186,0,0,52283,0,0,0,51980
2014Q3,Territorial Bancorp Inc.,4221370,1528,6468,NA,0,217086,0,0,1422,NA
2014Q3,"Texas Capital Bancshares, Inc.",1984125,96322,48868,0,236,1297922,0,2438,0,1125680
2014Q3,"Texas Independent Bancshares, Inc.",1018711,7854,0,0,0,101610,200,0,1238,89193
2014Q3,"TGR Financial, Inc.",4199570,6949,12914,10630,0,93637,0,0,0,72783
2014Q3,"Third Federal Savings and Loan Association of Cleveland, MHC",1032054,81362,41598,NA,3663,1428215,0,0,0,NA
2014Q3,"Thomasville Bancshares, Inc.",1024842,10725,2506,0,0,52545,0,154,2322,48779
2014Q3,"Three Shores Bancorporation, Inc.",4234534,9212,14228,12549,0,106045,0,134,0,25063
2014Q3,"Tidelands Bancshares, Inc.",4078198,5145,1133,0,0,5409,0,396,0,-7190
2014Q3,"Timberland Bancorp, Inc.",113565,10427,2203,0,0,82778,0,0,352,78481
2014Q3,"Tolleson Wealth Management, Inc.",4081930,3389,0,0,0,43401,56,0,1839,43285
2014Q3,Tompkins Financial Corporation,100461,27786,31622,0,33,489061,0,0,5942,399355
2014Q3,"Town and Country Bancshares, Inc.",1018369,5699,0,0,0,48057,0,0,630,41760
2014Q3,Town and Country Financial Corporation,1021467,3476,0,0,0,46429,0,13,85,36399
2014Q3,Town Financial Corporation,1020990,4458,2810,0,2,44529,241,0,114,44520
2014Q3,"Traditional Bancorporation, Inc.",1017815,12454,0,0,0,120175,0,0,2602,115795
2014Q3,"Travelers Rest Bancshares, Inc.",1984147,6731,0,0,0,52209,49,0,531,49744
2014Q3,Tri City Bankshares Corporation,100784,12701,2516,0,0,124950,0,0,0,124487
2014Q3,TriCo Bancshares,100546,37920,27957,0,0,267380,0,0,1775,248740
2014Q3,"Tri-County Financial Group, Inc.",1020390,5563,0,0,0,80319,461,50,363,51957
2014Q3,Trinity Capital Corporation,1017156,28126,404,0,0,90632,0,909,0,54088
2014Q3,"TriState Capital Holdings, Inc.",4149129,22376,10744,0,0,307359,0,0,0,254416
2014Q3,"Triumph Bancorp, Inc.",4096803,7320,16523,9288,778,149931,64,0,0,100278
2014Q3,Trust No. 3 Under The Will of Charles Henderson,1018016,8388,3548,0,1520,72702,0,0,380,46991
2014Q3,TrustCo Bank Corp NY,100465,46512,23693,NA,0,389487,0,0,6220,NA
2014Q3,Trustmark Corporation,100464,82083,114088,1234,0,1415098,0,0,15628,1056166
2014Q3,Two River Bancorp,4111033,8301,5070,0,0,98637,128,30,239,68811
2014Q3,"Two Rivers Financial Group, Inc.",1023585,6504,130,0,0,63830,850,0,0,52984
2014Q3,U.S. Bancorp,4047176,4065000,0,NA,15000,43141000,654000,60000,441000,30213000
2014Q3,"UBT Bancshares, Inc.",4090946,5896,830,0,0,63902,0,42,0,40656
2014Q3,UFS Bancorp,1981042,8916,6779,0,0,107010,0,0,0,113141
2014Q3,UMB Financial Corporation,100473,77316,8564,0,0,1615349,693,0,10234,1370102
2014Q3,Umpqua Holdings Corporation,4047103,115636,250910,153200,0,3752508,0,0,32796,1766192
2014Q3,Union Bankshares Corporation,100575,32109,9005,0,0,977673,0,0,6518,639334
2014Q3,"Union Bankshares, Inc.",1019034,4758,204,0,0,52672,3,0,1160,48721
2014Q3,United Bancorporation,1024336,9871,4547,498,20,72501,0,156,78,61397
2014Q3,"United Bancshares, Inc.",1020145,4018,0,0,0,66231,846,0,237,56785
2014Q3,United Bank Corporation,1018106,11566,0,0,0,105151,0,0,1484,103921
2014Q3,"United Bankers' Bancorporation, Inc.",1024572,8950,5645,0,0,76681,0,0,0,76733
2014Q3,"United Bankshares, Inc.",100469,75721,62232,0,0,1653673,1,0,22142,942964
2014Q3,United Community Bancorp,4111298,5564,3507,NA,0,70291,3055,0,290,NA
2014Q3,"United Community Bancorp, Inc.",1018450,11501,4,0,0,138792,0,0,1858,112946
2014Q3,"United Community Banks, Inc.",1022041,71928,223880,176760,0,736425,0,0,1806,574306
2014Q3,United Community Financial Corp.,4002033,18132,28988,NA,0,233706,3466,0,504,NA
2014Q3,"United Financial Bancorp, Inc.",4097386,22304,25973,8186,0,651366,0,0,5278,525488
2014Q3,United National Corporation,1023214,277681,420,0,638,963675,0,0,36510,940603
2014Q3,United Security Bancshares,4065162,11115,11660,7325,0,81295,0,0,0,69501
2014Q3,"United Security Bancshares, Inc.",100669,7416,8854,8854,0,73904,0,0,60,63883
2014Q3,United Services Automobile Association,14193,702542,432341,NA,5426,26202458,0,0,0,NA
2014Q3,"Unity Bancorp, Inc.",101233,12918,6066,0,0,68384,0,0,233,67020
2014Q3,"University Financial Corp, GBC",1020372,6430,0,0,0,44362,0,0,862,48679
2014Q3,Univest Corporation of Pennsylvania,100671,21762,9589,0,0,289814,685,0,3243,224890
2014Q3,"USAmeriBancorp, Inc.",4137400,26280,18462,0,0,250257,0,465,0,213188
2014Q3,"Utrecht-America Holdings, Inc.",4089690,165591,309611,8300,3225,715645,0,0,0,-232092
2014Q3,Uwharrie Capital Corp,1024017,3466,3272,0,149,31372,0,0,0,31428
2014Q3,Valley Financial Corporation,1024668,6535,5255,0,0,57167,0,0,194,58396
2014Q3,Valley National Bancorp,100486,102438,125092,35010,0,1584198,0,0,22054,1139612
2014Q3,"Valley View Bancshares, Inc.",1016913,33141,28479,4104,0,513072,0,0,0,432930
2014Q3,Van Diest Investment Company,1021259,10996,3431,0,0,96396,0,0,0,85821
2014Q3,"Veritex Holdings, Inc.",4253133,5880,1129,0,0,75603,0,20,0,47436
2014Q3,"Vermillion Bancshares, Inc.",1019611,9169,0,0,0,72372,0,0,685,72510
2014Q3,Village Bank and Trust Financial Corp.,4092814,5658,829,0,0,18735,0,545,0,NA
2014Q3,"Villages Bancorporation, Inc.",1023840,9762,1486,0,0,139174,1,0,0,132698
2014Q3,Virginia National Bankshares Corporation,4392979,3094,2475,0,0,60141,0,0,202,60412
2014Q3,"Vision Bancshares, Inc.",4089654,14991,3016,0,0,87642,702,0,0,86178
2014Q3,"Vision Bancshares, Inc.",4096194,4644,0,0,0,54454,0,0,230,49577
2014Q3,W.T.B. Financial Corporation,1016731,79924,34067,0,0,468246,0,111,1520,439843
2014Q3,"Washington Federal, Inc.",102038,114590,16515,0,0,1973283,0,0,35000,1648199
2014Q3,"Washington Trust Bancorp, Inc.",100491,27768,11814,0,0,348562,0,0,5404,286535
2014Q3,"WashingtonFirst Bankshares, Inc.",4241510,8974,8705,0,0,111125,0,39,334,91046
2014Q3,"Waterstone Financial, Inc.",4102320,20439,10638,NA,0,448513,0,0,1563,NA
2014Q3,"Watford City Bancshares, Inc.",1020074,13038,0,0,0,121602,0,0,3700,118103
2014Q3,"Waupaca Bancorporation, Inc.",1021202,16314,0,0,0,92209,0,0,0,79288
2014Q3,"WebFive, MHC",4214277,5196,3698,1997,0,84462,0,0,0,79144
2014Q3,Webster Financial Corporation,102030,156482,62884,0,0,2310850,22,2639,18087,1672055
2014Q3,Wells Fargo & Company,100382,12681000,0,NA,226000,182481000,2490000,321000,1828000,135888000
2014Q3,"WesBanco, Inc.",100499,45029,36719,0,0,788784,0,0,6441,478920
2014Q3,West Alabama Capital Corp.,1018232,5069,5095,0,0,50374,12,0,326,46923
2014Q3,"West Bancorporation, Inc.",1021570,13345,7368,0,0,135725,0,0,1922,136037
2014Q3,"West Suburban Bancorp, Inc.",1021777,30410,22675,5409,0,182865,0,0,0,179657
2014Q3,Westamerica Bancorporation,100489,31769,48873,0,0,533395,0,0,9868,392992
2014Q3,"Westbrand, Inc.",1019549,7054,1172,0,0,71460,0,0,0,64661
2014Q3,"Westbury Bancorp, Inc.",4066453,4072,5702,NA,0,86487,2532,0,0,NA
2014Q3,Western Alliance Bancorporation,1025038,109161,67502,0,0,1003122,0,353,0,NA
2014Q3,"Western State Agency, Inc.",1019260,11299,2269,0,0,56480,0,77,0,40796
2014Q3,"Westfield Financial, Inc.",4066200,7695,7817,NA,0,144306,2502,0,1077,NA
2014Q3,"WestStar Bank Holding Company, Inc.",4086029,7338,0,0,0,98503,0,0,3234,96080
2014Q3,WFSB Mutual Holding Company,4048854,7385,1971,NA,0,110980,0,0,0,NA
2014Q3,Whitaker Bank Corporation of Kentucky,1023638,21599,8912,5200,0,233197,0,0,0,199710
2014Q3,Whitcorp Financial Company,1016981,9950,0,0,0,115020,0,0,1500,111169
2014Q3,"Wilshire Bancorp, Inc.",4092278,53116,27656,0,0,475707,0,0,3912,398803
2014Q3,Wilson Bank Holding Company,1023796,23314,10928,0,0,193081,0,0,2260,190626
2014Q3,Winter Trust of 12/3/74,1023747,5863,4816,954,588,49382,0,0,0,47810
2014Q3,Wintrust Financial Corporation,1024452,93674,40486,0,0,2028508,70,1581,4666,1507976
2014Q3,"Wood & Huston Bancorporation, Inc.",1017283,7616,0,0,0,65682,0,0,656,61623
2014Q3,"Woodforest Financial Group, Inc.",1020270,35012,0,0,0,318172,150,0,12008,319451
2014Q3,WSFS Financial Corporation,101999,39484,25804,NA,0,476324,0,0,1071,NA
2014Q3,"Xenith Bankshares, Inc.",4200289,5569,6170,4515,0,105684,0,22,0,76859
2014Q3,Yadkin Financial Corporation,4140013,7641,72919,40174,2466,542330,0,-537,0,308142
2014Q3,Zions Bancorporation,100501,610277,218934,0,0,7322159,0,16761,8166,5370010
